ISO-10303-21;
HEADER;
/* Generated by software containing ST-Developer
 * from STEP Tools, Inc. (www.steptools.com) 
 */
/* OPTION: strings as raw bytes, not using required /X/ escapes */

FILE_DESCRIPTION(
/* description */ ('Unknown'),
/* implementation_level */ '2;1');

FILE_NAME(
/* name */ '74439387xxx',
/* time_stamp */ '2023-03-23T10:09:28+01:00',
/* author */ ('Unknown'),
/* organization */ ('Unknown'),
/* preprocessor_version */ 'ST-DEVELOPER v16.7',
/* originating_system */ 'Solid Edge',
/* authorisation */ 'Unknown');

FILE_SCHEMA (('AUTOMOTIVE_DESIGN {1 0 10303 214 3 1 1}'));
ENDSEC;

DATA;
#10=PROPERTY_DEFINITION_REPRESENTATION(#14,#12);
#11=PROPERTY_DEFINITION_REPRESENTATION(#15,#13);
#12=REPRESENTATION('',(#16),#2830);
#13=REPRESENTATION('',(#17),#2830);
#14=PROPERTY_DEFINITION('pmi validation property','',#2835);
#15=PROPERTY_DEFINITION('pmi validation property','',#2835);
#16=VALUE_REPRESENTATION_ITEM('number of annotations',COUNT_MEASURE(0.));
#17=VALUE_REPRESENTATION_ITEM('number of views',COUNT_MEASURE(0.));
#18=SHAPE_REPRESENTATION_RELATIONSHIP('','',#1568,#19);
#19=ADVANCED_BREP_SHAPE_REPRESENTATION('',(#1566),#2830);
#20=TOROIDAL_SURFACE('',#1642,0.1,0.1);
#21=TOROIDAL_SURFACE('',#1644,0.1,0.1);
#22=TOROIDAL_SURFACE('',#1650,0.1,0.1);
#23=TOROIDAL_SURFACE('',#1652,0.1,0.1);
#24=B_SPLINE_SURFACE_WITH_KNOTS('',3,1,((#2291,#2292),(#2293,#2294),(#2295,
#2296),(#2297,#2298),(#2299,#2300),(#2301,#2302),(#2303,#2304),(#2305,#2306),
(#2307,#2308),(#2309,#2310),(#2311,#2312)),.SURF_OF_LINEAR_EXTRUSION.,.F.,
 .F.,.F.,(4,1,1,1,1,1,1,1,4),(2,2),(0.600674363682917,0.650590068222553,
0.700505772762188,0.750421477301823,0.800337181841459,0.850252886381094,
0.900168590920729,0.950084295460365,1.),(0.,1.),.UNSPECIFIED.);
#25=B_SPLINE_SURFACE_WITH_KNOTS('',3,1,((#2350,#2351),(#2352,#2353),(#2354,
#2355),(#2356,#2357),(#2358,#2359),(#2360,#2361),(#2362,#2363),(#2364,#2365),
(#2366,#2367),(#2368,#2369),(#2370,#2371)),.SURF_OF_LINEAR_EXTRUSION.,.F.,
 .F.,.F.,(4,1,1,1,1,1,1,1,4),(2,2),(0.0278196157914864,0.0960180982722646,
0.164216580753043,0.232415063233821,0.300613545714599,0.368812028195378,
0.437010510676156,0.505208993156934,0.573407475637713),(0.,1.),
 .UNSPECIFIED.);
#26=B_SPLINE_SURFACE_WITH_KNOTS('',3,1,((#2408,#2409),(#2410,#2411),(#2412,
#2413),(#2414,#2415),(#2416,#2417),(#2418,#2419),(#2420,#2421),(#2422,#2423),
(#2424,#2425),(#2426,#2427),(#2428,#2429)),.SURF_OF_LINEAR_EXTRUSION.,.T.,
 .F.,.F.,(1,1,1,1,1,1,1,1,1,1,1,1,1,1,1),(2,2),(-0.374106788693487,-0.263066330075236,
-0.152025871456986,0.,0.0856042008269008,0.171208401653802,0.342416803307603,
0.484155007307058,0.625893211306513,0.736933669924764,0.847974128543014,
1.,1.0856042008269,1.1712084016538,1.3424168033076),(0.,1.),
 .UNSPECIFIED.);
#27=B_SPLINE_SURFACE_WITH_KNOTS('',3,1,((#2474,#2475),(#2476,#2477),(#2478,
#2479),(#2480,#2481),(#2482,#2483),(#2484,#2485),(#2486,#2487),(#2488,#2489),
(#2490,#2491)),.SURF_OF_LINEAR_EXTRUSION.,.T.,.F.,.F.,(1,1,1,1,1,1,1,1,
1,1,1,1,1),(2,2),(-0.429503750146536,-0.334596986446629,-0.142066393115368,
0.,0.135416564681324,0.352956407267394,0.570496249853464,0.665403013553371,
0.857933606884632,1.,1.13541656468132,1.35295640726739,1.57049624985346),
(0.,1.),.UNSPECIFIED.);
#28=B_SPLINE_SURFACE_WITH_KNOTS('',3,1,((#2535,#2536),(#2537,#2538),(#2539,
#2540),(#2541,#2542),(#2543,#2544),(#2545,#2546),(#2547,#2548),(#2549,#2550)),
 .SURF_OF_LINEAR_EXTRUSION.,.F.,.F.,.F.,(4,1,1,1,1,4),(2,2),(0.0279667953212522,
0.0882553054173328,0.148543815513413,0.269120835705574,0.389697855897735,
0.510274876089896),(0.,1.),.UNSPECIFIED.);
#29=B_SPLINE_SURFACE_WITH_KNOTS('',3,1,((#2591,#2592),(#2593,#2594),(#2595,
#2596),(#2597,#2598),(#2599,#2600),(#2601,#2602),(#2603,#2604),(#2605,#2606),
(#2607,#2608)),.SURF_OF_LINEAR_EXTRUSION.,.T.,.F.,.F.,(1,1,1,1,1,1,1,1,
1,1,1,1,1),(2,2),(-0.381770046939318,-0.269465147666615,-0.157160248393912,
0.,0.137357435285665,0.377793694173174,0.618229953060682,0.730534852333385,
0.842839751606088,1.,1.13735743528567,1.37779369417317,1.61822995306068),
(0.,1.),.UNSPECIFIED.);
#30=B_SPLINE_SURFACE_WITH_KNOTS('',3,1,((#2675,#2676),(#2677,#2678),(#2679,
#2680),(#2681,#2682),(#2683,#2684),(#2685,#2686),(#2687,#2688)),
 .SURF_OF_LINEAR_EXTRUSION.,.F.,.F.,.F.,(4,1,1,1,4),(2,2),(0.818425350250634,
0.863819012687976,0.909212675125317,0.954606337562659,1.),(0.,1.),
 .UNSPECIFIED.);
#31=B_SPLINE_SURFACE_WITH_KNOTS('',3,1,((#2712,#2713),(#2714,#2715),(#2716,
#2717),(#2718,#2719),(#2720,#2721),(#2722,#2723),(#2724,#2725),(#2726,#2727),
(#2728,#2729),(#2730,#2731),(#2732,#2733),(#2734,#2735),(#2736,#2737),(#2738,
#2739)),.SURF_OF_LINEAR_EXTRUSION.,.F.,.F.,.F.,(4,1,1,1,1,1,1,1,1,1,1,4),
(2,2),(0.0366666692355124,0.114910509612929,0.193154349990346,0.271398190367763,
0.34964203074518,0.427885871122597,0.506129711500014,0.545251631688723,
0.584373551877431,0.623495472066139,0.643056432160494,0.662617392254848),
(0.,1.),.UNSPECIFIED.);
#32=B_SPLINE_SURFACE_WITH_KNOTS('',3,1,((#2771,#2772),(#2773,#2774),(#2775,
#2776),(#2777,#2778),(#2779,#2780),(#2781,#2782)),
 .SURF_OF_LINEAR_EXTRUSION.,.F.,.F.,.F.,(4,1,1,4),(2,2),(0.385755211402587,
0.53931640855194,0.692877605701294,1.),(0.,1.),.UNSPECIFIED.);
#33=CYLINDRICAL_SURFACE('',#1599,0.2);
#34=CYLINDRICAL_SURFACE('',#1601,0.2);
#35=CYLINDRICAL_SURFACE('',#1603,0.2);
#36=CYLINDRICAL_SURFACE('',#1605,0.2);
#37=CYLINDRICAL_SURFACE('',#1607,0.25);
#38=CYLINDRICAL_SURFACE('',#1639,0.1);
#39=CYLINDRICAL_SURFACE('',#1646,0.1);
#40=CYLINDRICAL_SURFACE('',#1648,0.1);
#41=CYLINDRICAL_SURFACE('',#1654,0.1);
#42=CYLINDRICAL_SURFACE('',#1655,0.6);
#43=CYLINDRICAL_SURFACE('',#1656,0.6);
#44=CYLINDRICAL_SURFACE('',#1657,0.6);
#45=CYLINDRICAL_SURFACE('',#1658,0.6);
#46=B_SPLINE_CURVE_WITH_KNOTS('',3,(#1919,#1920,#1921,#1922),
 .UNSPECIFIED.,.F.,.F.,(4,4),(0.965092540146466,1.),.UNSPECIFIED.);
#47=B_SPLINE_CURVE_WITH_KNOTS('',3,(#1925,#1926,#1927,#1928),
 .UNSPECIFIED.,.F.,.F.,(4,4),(0.,0.0279667953212522),.UNSPECIFIED.);
#48=B_SPLINE_CURVE_WITH_KNOTS('',3,(#1930,#1931,#1932,#1933,#1934,#1935,
#1936,#1937,#1938,#1939,#1940,#1941,#1942,#1943,#1944,#1945,#1946,#1947,
#1948,#1949,#1950,#1951,#1952,#1953),.UNSPECIFIED.,.F.,.F.,(4,2,3,2,2,3,
3,2,3,4),(0.0279667953212522,0.103923999937702,0.153806343267908,0.213987617962046,
0.274168892656183,0.332200836111244,0.386197308623579,0.437988480839354,
0.475968673797589,0.510274876089896),.UNSPECIFIED.);
#49=B_SPLINE_CURVE_WITH_KNOTS('',3,(#1955,#1956,#1957,#1958),
 .UNSPECIFIED.,.F.,.F.,(4,4),(0.510274876089896,0.620508959837898),
 .UNSPECIFIED.);
#50=B_SPLINE_CURVE_WITH_KNOTS('',3,(#1960,#1961,#1962,#1963),
 .UNSPECIFIED.,.F.,.F.,(4,4),(0.620508959837898,0.658070203189069),
 .UNSPECIFIED.);
#51=B_SPLINE_CURVE_WITH_KNOTS('',3,(#1965,#1966,#1967,#1968),
 .UNSPECIFIED.,.F.,.F.,(4,4),(0.658070203189069,0.965092540146466),
 .UNSPECIFIED.);
#52=B_SPLINE_CURVE_WITH_KNOTS('',3,(#1969,#1970,#1971,#1972,#1973,#1974,
#1975,#1976,#1977,#1978,#1979,#1980,#1981,#1982,#1983,#1984,#1985,#1986,
#1987,#1988,#1989,#1990,#1991,#1992,#1993,#1994),.UNSPECIFIED.,.F.,.F.,
(4,2,2,3,3,2,3,3,2,2,4),(0.600674363682917,0.637527729478036,0.674381095273153,
0.716342848406208,0.754340607131244,0.791657282685056,0.839905105623318,
0.877801925404847,0.913103591399002,0.956551795699501,1.),.UNSPECIFIED.);
#53=B_SPLINE_CURVE_WITH_KNOTS('',3,(#1997,#1998,#1999,#2000),
 .UNSPECIFIED.,.F.,.F.,(4,4),(0.,0.0278196157914864),.UNSPECIFIED.);
#54=B_SPLINE_CURVE_WITH_KNOTS('',3,(#2002,#2003,#2004,#2005,#2006,#2007,
#2008,#2009,#2010,#2011,#2012,#2013,#2014,#2015,#2016,#2017,#2018,#2019,
#2020,#2021,#2022,#2023,#2024,#2025,#2026,#2027,#2028,#2029),
 .UNSPECIFIED.,.F.,.F.,(4,3,2,3,3,2,3,3,2,3,4),(0.0278196157914864,0.0877117727317711,
0.143450821419324,0.200964999045971,0.251280157886614,0.305523430998003,
0.364286976868674,0.41463924934934,0.46388603620613,0.520221375716549,0.573407475637713),
 .UNSPECIFIED.);
#55=B_SPLINE_CURVE_WITH_KNOTS('',3,(#2031,#2032,#2033,#2034),
 .UNSPECIFIED.,.F.,.F.,(4,4),(0.573407475637713,0.600674363682917),
 .UNSPECIFIED.);
#56=B_SPLINE_CURVE_WITH_KNOTS('',1,(#2035,#2036),.UNSPECIFIED.,.F.,.F.,
(2,2),(0.807566462167689,1.),.UNSPECIFIED.);
#57=B_SPLINE_CURVE_WITH_KNOTS('',1,(#2039,#2040),.UNSPECIFIED.,.F.,.F.,
(2,2),(0.,0.307566462167689),.UNSPECIFIED.);
#58=B_SPLINE_CURVE_WITH_KNOTS('',1,(#2042,#2043),.UNSPECIFIED.,.F.,.F.,
(2,2),(0.307566462167689,0.348466257668712),.UNSPECIFIED.);
#59=B_SPLINE_CURVE_WITH_KNOTS('',1,(#2045,#2046),.UNSPECIFIED.,.F.,.F.,
(2,2),(0.348466257668712,0.619631901840491),.UNSPECIFIED.);
#60=B_SPLINE_CURVE_WITH_KNOTS('',1,(#2048,#2049),.UNSPECIFIED.,.F.,.F.,
(2,2),(0.619631901840491,0.771165644171779),.UNSPECIFIED.);
#61=B_SPLINE_CURVE_WITH_KNOTS('',1,(#2051,#2052),.UNSPECIFIED.,.F.,.F.,
(2,2),(0.771165644171779,0.807566462167689),.UNSPECIFIED.);
#62=B_SPLINE_CURVE_WITH_KNOTS('',1,(#2055,#2056),.UNSPECIFIED.,.F.,.F.,
(2,2),(0.622853368560106,1.),.UNSPECIFIED.);
#63=B_SPLINE_CURVE_WITH_KNOTS('',1,(#2059,#2060),.UNSPECIFIED.,.F.,.F.,
(2,2),(0.,0.122853368560106),.UNSPECIFIED.);
#64=B_SPLINE_CURVE_WITH_KNOTS('',1,(#2062,#2063),.UNSPECIFIED.,.F.,.F.,
(2,2),(0.122853368560106,0.5),.UNSPECIFIED.);
#65=B_SPLINE_CURVE_WITH_KNOTS('',1,(#2065,#2066),.UNSPECIFIED.,.F.,.F.,
(2,2),(0.5,0.622853368560106),.UNSPECIFIED.);
#66=B_SPLINE_CURVE_WITH_KNOTS('',3,(#2067,#2068,#2069,#2070,#2071,#2072,
#2073,#2074,#2075,#2076,#2077,#2078,#2079,#2080,#2081,#2082,#2083,#2084,
#2085,#2086,#2087,#2088,#2089,#2090),.UNSPECIFIED.,.T.,.F.,(4,3,2,2,2,3,
3,2,3,4),(0.,0.142543752296131,0.251322064697472,0.373088832310914,0.494855599924357,
0.593395180651998,0.670398106379682,0.746915018493611,0.868066796007329,
1.),.UNSPECIFIED.);
#67=B_SPLINE_CURVE_WITH_KNOTS('',3,(#2092,#2093,#2094,#2095,#2096,#2097,
#2098,#2099,#2100,#2101,#2102,#2103),.UNSPECIFIED.,.F.,.F.,(4,3,2,3,4),
(0.818425350250634,0.875845525756459,0.924029641321588,0.960167727995434,
1.),.UNSPECIFIED.);
#68=B_SPLINE_CURVE_WITH_KNOTS('',3,(#2106,#2107,#2108,#2109),
 .UNSPECIFIED.,.F.,.F.,(4,4),(0.,0.0366666692355124),.UNSPECIFIED.);
#69=B_SPLINE_CURVE_WITH_KNOTS('',3,(#2111,#2112,#2113,#2114,#2115,#2116,
#2117,#2118,#2119,#2120,#2121,#2122,#2123,#2124,#2125,#2126,#2127,#2128,
#2129,#2130,#2131,#2132,#2133,#2134),.UNSPECIFIED.,.F.,.F.,(4,3,2,3,2,3,
2,3,2,4),(0.0366666692355124,0.0966142944438945,0.160027666044339,0.239918527903169,
0.324751653502897,0.412939761470975,0.491152419167301,0.567293218381605,
0.657098624293766,0.662617392254848),.UNSPECIFIED.);
#70=B_SPLINE_CURVE_WITH_KNOTS('',3,(#2136,#2137,#2138,#2139),
 .UNSPECIFIED.,.F.,.F.,(4,4),(0.662617392254848,0.818425350250634),
 .UNSPECIFIED.);
#71=B_SPLINE_CURVE_WITH_KNOTS('',1,(#2242,#2243),.UNSPECIFIED.,.F.,.F.,
(2,2),(0.807566462167689,1.),.UNSPECIFIED.);
#72=B_SPLINE_CURVE_WITH_KNOTS('',1,(#2247,#2248),.UNSPECIFIED.,.F.,.F.,
(2,2),(0.,0.307566462167689),.UNSPECIFIED.);
#73=B_SPLINE_CURVE_WITH_KNOTS('',1,(#2252,#2253),.UNSPECIFIED.,.F.,.F.,
(2,2),(0.307566462167689,0.348466257668712),.UNSPECIFIED.);
#74=B_SPLINE_CURVE_WITH_KNOTS('',1,(#2257,#2258),.UNSPECIFIED.,.F.,.F.,
(2,2),(0.348466257668712,0.619631901840491),.UNSPECIFIED.);
#75=B_SPLINE_CURVE_WITH_KNOTS('',1,(#2262,#2263),.UNSPECIFIED.,.F.,.F.,
(2,2),(0.619631901840491,0.771165644171779),.UNSPECIFIED.);
#76=B_SPLINE_CURVE_WITH_KNOTS('',1,(#2267,#2268),.UNSPECIFIED.,.F.,.F.,
(2,2),(0.771165644171779,0.807566462167689),.UNSPECIFIED.);
#77=B_SPLINE_CURVE_WITH_KNOTS('',1,(#2273,#2274),.UNSPECIFIED.,.F.,.F.,
(2,2),(0.622853368560106,1.),.UNSPECIFIED.);
#78=B_SPLINE_CURVE_WITH_KNOTS('',1,(#2278,#2279),.UNSPECIFIED.,.F.,.F.,
(2,2),(0.,0.122853368560106),.UNSPECIFIED.);
#79=B_SPLINE_CURVE_WITH_KNOTS('',1,(#2283,#2284),.UNSPECIFIED.,.F.,.F.,
(2,2),(0.122853368560106,0.5),.UNSPECIFIED.);
#80=B_SPLINE_CURVE_WITH_KNOTS('',1,(#2288,#2289),.UNSPECIFIED.,.F.,.F.,
(2,2),(0.5,0.622853368560106),.UNSPECIFIED.);
#81=B_SPLINE_CURVE_WITH_KNOTS('',3,(#2315,#2316,#2317,#2318,#2319,#2320,
#2321,#2322,#2323,#2324,#2325,#2326,#2327,#2328,#2329,#2330,#2331,#2332,
#2333,#2334,#2335,#2336,#2337,#2338,#2339,#2340),.UNSPECIFIED.,.F.,.F.,
(4,2,2,3,3,2,3,3,2,2,4),(0.600674363682917,0.637527729478036,0.674381095273153,
0.716342848406208,0.754340607131244,0.791657282685056,0.839905105623318,
0.877801925404847,0.913103591399002,0.956551795699501,1.),.UNSPECIFIED.);
#82=B_SPLINE_CURVE_WITH_KNOTS('',3,(#2344,#2345,#2346,#2347),
 .UNSPECIFIED.,.F.,.F.,(4,4),(0.,0.0278196157914864),.UNSPECIFIED.);
#83=B_SPLINE_CURVE_WITH_KNOTS('',3,(#2372,#2373,#2374,#2375,#2376,#2377,
#2378,#2379,#2380,#2381,#2382,#2383,#2384,#2385,#2386,#2387,#2388,#2389,
#2390,#2391,#2392,#2393,#2394,#2395,#2396,#2397,#2398,#2399),
 .UNSPECIFIED.,.F.,.F.,(4,3,2,3,3,2,3,3,2,3,4),(0.0278196157914864,0.0877117727317711,
0.143450821419324,0.200964999045971,0.251280157886614,0.305523430998003,
0.364286976868674,0.41463924934934,0.46388603620613,0.520221375716549,0.573407475637713),
 .UNSPECIFIED.);
#84=B_SPLINE_CURVE_WITH_KNOTS('',3,(#2403,#2404,#2405,#2406),
 .UNSPECIFIED.,.F.,.F.,(4,4),(0.573407475637713,0.600674363682917),
 .UNSPECIFIED.);
#85=B_SPLINE_CURVE_WITH_KNOTS('',3,(#2430,#2431,#2432,#2433,#2434,#2435,
#2436,#2437,#2438,#2439,#2440,#2441,#2442,#2443,#2444,#2445,#2446,#2447,
#2448,#2449,#2450),.UNSPECIFIED.,.T.,.F.,(4,2,2,3,2,3,2,3,4),(0.,0.120146246774597,
0.240292493549193,0.360438740323793,0.505180698143267,0.640813022253824,
0.750237810062539,0.859662597871251,1.),.UNSPECIFIED.);
#86=B_SPLINE_CURVE_WITH_KNOTS('',3,(#2452,#2453,#2454,#2455,#2456,#2457,
#2458,#2459,#2460,#2461,#2462,#2463,#2464,#2465,#2466,#2467,#2468,#2469,
#2470,#2471,#2472),.UNSPECIFIED.,.T.,.F.,(4,2,2,3,2,3,2,3,4),(0.,0.120146246774597,
0.240292493549193,0.360438740323793,0.505180698143267,0.640813022253824,
0.750237810062539,0.859662597871251,1.),.UNSPECIFIED.);
#87=B_SPLINE_CURVE_WITH_KNOTS('',3,(#2492,#2493,#2494,#2495,#2496,#2497,
#2498,#2499,#2500,#2501,#2502,#2503,#2504,#2505,#2506,#2507,#2508,#2509,
#2510,#2511,#2512,#2513,#2514,#2515),.UNSPECIFIED.,.T.,.F.,(4,3,2,2,2,3,
3,2,3,4),(0.,0.142543752296131,0.251322064697472,0.373088832310914,0.494855599924357,
0.593395180651998,0.670398106379682,0.746915018493611,0.868066796007329,
1.),.UNSPECIFIED.);
#88=B_SPLINE_CURVE_WITH_KNOTS('',3,(#2522,#2523,#2524,#2525),
 .UNSPECIFIED.,.F.,.F.,(4,4),(0.965092540146466,1.),.UNSPECIFIED.);
#89=B_SPLINE_CURVE_WITH_KNOTS('',3,(#2529,#2530,#2531,#2532),
 .UNSPECIFIED.,.F.,.F.,(4,4),(0.,0.0279667953212522),.UNSPECIFIED.);
#90=B_SPLINE_CURVE_WITH_KNOTS('',3,(#2551,#2552,#2553,#2554,#2555,#2556,
#2557,#2558,#2559,#2560,#2561,#2562,#2563,#2564,#2565,#2566,#2567,#2568,
#2569,#2570,#2571,#2572,#2573,#2574),.UNSPECIFIED.,.F.,.F.,(4,2,3,2,2,3,
3,2,3,4),(0.0279667953212522,0.103923999937702,0.153806343267908,0.213987617962046,
0.274168892656183,0.332200836111244,0.386197308623579,0.437988480839354,
0.475968673797589,0.510274876089896),.UNSPECIFIED.);
#91=B_SPLINE_CURVE_WITH_KNOTS('',3,(#2578,#2579,#2580,#2581),
 .UNSPECIFIED.,.F.,.F.,(4,4),(0.510274876089896,0.620508959837898),
 .UNSPECIFIED.);
#92=B_SPLINE_CURVE_WITH_KNOTS('',3,(#2585,#2586,#2587,#2588),
 .UNSPECIFIED.,.F.,.F.,(4,4),(0.620508959837898,0.658070203189069),
 .UNSPECIFIED.);
#93=B_SPLINE_CURVE_WITH_KNOTS('',3,(#2609,#2610,#2611,#2612,#2613,#2614,
#2615,#2616,#2617,#2618,#2619,#2620,#2621,#2622,#2623,#2624,#2625,#2626,
#2627,#2628,#2629),.UNSPECIFIED.,.T.,.F.,(4,3,2,2,2,3,2,3,4),(0.,0.144586773984911,
0.266172613261842,0.387758452538772,0.509344291815704,0.643539032943578,
0.750996484414209,0.854661319950583,1.),.UNSPECIFIED.);
#94=B_SPLINE_CURVE_WITH_KNOTS('',3,(#2631,#2632,#2633,#2634,#2635,#2636,
#2637,#2638,#2639,#2640,#2641,#2642,#2643,#2644,#2645,#2646,#2647,#2648,
#2649,#2650,#2651),.UNSPECIFIED.,.T.,.F.,(4,3,2,2,2,3,2,3,4),(0.,0.144586773984911,
0.266172613261842,0.387758452538772,0.509344291815704,0.643539032943578,
0.750996484414209,0.854661319950583,1.),.UNSPECIFIED.);
#95=B_SPLINE_CURVE_WITH_KNOTS('',3,(#2654,#2655,#2656,#2657),
 .UNSPECIFIED.,.F.,.F.,(4,4),(0.658070203189069,0.965092540146466),
 .UNSPECIFIED.);
#96=B_SPLINE_CURVE_WITH_KNOTS('',3,(#2661,#2662,#2663,#2664),
 .UNSPECIFIED.,.F.,.F.,(4,4),(0.,0.385755211402587),.UNSPECIFIED.);
#97=B_SPLINE_CURVE_WITH_KNOTS('',3,(#2669,#2670,#2671,#2672),
 .UNSPECIFIED.,.F.,.F.,(4,4),(0.,0.385755211402587),.UNSPECIFIED.);
#98=B_SPLINE_CURVE_WITH_KNOTS('',3,(#2691,#2692,#2693,#2694,#2695,#2696,
#2697,#2698,#2699,#2700,#2701,#2702),.UNSPECIFIED.,.F.,.F.,(4,3,2,3,4),
(0.818425350250634,0.875845525756459,0.924029641321588,0.960167727995434,
1.),.UNSPECIFIED.);
#99=B_SPLINE_CURVE_WITH_KNOTS('',3,(#2706,#2707,#2708,#2709),
 .UNSPECIFIED.,.F.,.F.,(4,4),(0.,0.0366666692355124),.UNSPECIFIED.);
#100=B_SPLINE_CURVE_WITH_KNOTS('',3,(#2740,#2741,#2742,#2743,#2744,#2745,
#2746,#2747,#2748,#2749,#2750,#2751,#2752,#2753,#2754,#2755,#2756,#2757,
#2758,#2759,#2760,#2761,#2762,#2763),.UNSPECIFIED.,.F.,.F.,(4,3,2,3,2,3,
2,3,2,4),(0.0366666692355124,0.0966142944438945,0.160027666044339,0.239918527903169,
0.324751653502897,0.412939761470975,0.491152419167301,0.567293218381605,
0.657098624293766,0.662617392254848),.UNSPECIFIED.);
#101=B_SPLINE_CURVE_WITH_KNOTS('',3,(#2767,#2768,#2769,#2770),
 .UNSPECIFIED.,.F.,.F.,(4,4),(0.662617392254848,0.818425350250634),
 .UNSPECIFIED.);
#102=B_SPLINE_CURVE_WITH_KNOTS('',3,(#2783,#2784,#2785,#2786,#2787,#2788,
#2789,#2790,#2791,#2792,#2793,#2794),.UNSPECIFIED.,.F.,.F.,(4,3,2,3,4),
(0.385755211402587,0.524695654551487,0.691356537017102,0.840474168696866,
1.),.UNSPECIFIED.);
#103=B_SPLINE_CURVE_WITH_KNOTS('',3,(#2795,#2796,#2797,#2798,#2799,#2800,
#2801,#2802,#2803,#2804,#2805,#2806),.UNSPECIFIED.,.F.,.F.,(4,3,2,3,4),
(0.385755211402587,0.524695654551487,0.691356537017102,0.840474168696866,
1.),.UNSPECIFIED.);
#104=LINE('',#1906,#166);
#105=LINE('',#1910,#167);
#106=LINE('',#1914,#168);
#107=LINE('',#1918,#169);
#108=LINE('',#2141,#170);
#109=LINE('',#2144,#171);
#110=LINE('',#2146,#172);
#111=LINE('',#2148,#173);
#112=LINE('',#2149,#174);
#113=LINE('',#2154,#175);
#114=LINE('',#2158,#176);
#115=LINE('',#2162,#177);
#116=LINE('',#2165,#178);
#117=LINE('',#2168,#179);
#118=LINE('',#2170,#180);
#119=LINE('',#2172,#181);
#120=LINE('',#2174,#182);
#121=LINE('',#2176,#183);
#122=LINE('',#2178,#184);
#123=LINE('',#2180,#185);
#124=LINE('',#2182,#186);
#125=LINE('',#2184,#187);
#126=LINE('',#2186,#188);
#127=LINE('',#2188,#189);
#128=LINE('',#2190,#190);
#129=LINE('',#2192,#191);
#130=LINE('',#2194,#192);
#131=LINE('',#2196,#193);
#132=LINE('',#2200,#194);
#133=LINE('',#2204,#195);
#134=LINE('',#2210,#196);
#135=LINE('',#2211,#197);
#136=LINE('',#2215,#198);
#137=LINE('',#2219,#199);
#138=LINE('',#2225,#200);
#139=LINE('',#2226,#201);
#140=LINE('',#2240,#202);
#141=LINE('',#2245,#203);
#142=LINE('',#2250,#204);
#143=LINE('',#2255,#205);
#144=LINE('',#2260,#206);
#145=LINE('',#2265,#207);
#146=LINE('',#2271,#208);
#147=LINE('',#2276,#209);
#148=LINE('',#2281,#210);
#149=LINE('',#2286,#211);
#150=LINE('',#2313,#212);
#151=LINE('',#2342,#213);
#152=LINE('',#2349,#214);
#153=LINE('',#2401,#215);
#154=LINE('',#2520,#216);
#155=LINE('',#2527,#217);
#156=LINE('',#2534,#218);
#157=LINE('',#2576,#219);
#158=LINE('',#2583,#220);
#159=LINE('',#2590,#221);
#160=LINE('',#2667,#222);
#161=LINE('',#2674,#223);
#162=LINE('',#2689,#224);
#163=LINE('',#2704,#225);
#164=LINE('',#2711,#226);
#165=LINE('',#2765,#227);
#166=VECTOR('',#1665,1000.);
#167=VECTOR('',#1668,1000.);
#168=VECTOR('',#1671,1000.);
#169=VECTOR('',#1674,1000.);
#170=VECTOR('',#1679,1000.);
#171=VECTOR('',#1680,1000.);
#172=VECTOR('',#1681,1000.);
#173=VECTOR('',#1682,1000.);
#174=VECTOR('',#1683,1000.);
#175=VECTOR('',#1686,1000.);
#176=VECTOR('',#1689,1000.);
#177=VECTOR('',#1692,1000.);
#178=VECTOR('',#1695,1000.);
#179=VECTOR('',#1696,1000.);
#180=VECTOR('',#1697,1000.);
#181=VECTOR('',#1698,1000.);
#182=VECTOR('',#1701,1000.);
#183=VECTOR('',#1702,1000.);
#184=VECTOR('',#1703,1000.);
#185=VECTOR('',#1706,1000.);
#186=VECTOR('',#1707,1000.);
#187=VECTOR('',#1708,1000.);
#188=VECTOR('',#1711,1000.);
#189=VECTOR('',#1712,1000.);
#190=VECTOR('',#1713,1000.);
#191=VECTOR('',#1716,1000.);
#192=VECTOR('',#1717,1000.);
#193=VECTOR('',#1718,1000.);
#194=VECTOR('',#1723,1000.);
#195=VECTOR('',#1728,1000.);
#196=VECTOR('',#1735,1000.);
#197=VECTOR('',#1736,1000.);
#198=VECTOR('',#1741,1000.);
#199=VECTOR('',#1746,1000.);
#200=VECTOR('',#1753,1000.);
#201=VECTOR('',#1754,1000.);
#202=VECTOR('',#1779,1000.);
#203=VECTOR('',#1780,1000.);
#204=VECTOR('',#1783,1000.);
#205=VECTOR('',#1786,1000.);
#206=VECTOR('',#1789,1000.);
#207=VECTOR('',#1792,1000.);
#208=VECTOR('',#1799,1000.);
#209=VECTOR('',#1800,1000.);
#210=VECTOR('',#1803,1000.);
#211=VECTOR('',#1806,1000.);
#212=VECTOR('',#1811,1000.);
#213=VECTOR('',#1812,1000.);
#214=VECTOR('',#1815,1000.);
#215=VECTOR('',#1816,1000.);
#216=VECTOR('',#1827,1000.);
#217=VECTOR('',#1828,1000.);
#218=VECTOR('',#1831,1000.);
#219=VECTOR('',#1832,1000.);
#220=VECTOR('',#1835,1000.);
#221=VECTOR('',#1838,1000.);
#222=VECTOR('',#1847,1000.);
#223=VECTOR('',#1848,1000.);
#224=VECTOR('',#1849,1000.);
#225=VECTOR('',#1850,1000.);
#226=VECTOR('',#1853,1000.);
#227=VECTOR('',#1854,1000.);
#228=ORIENTED_EDGE('',*,*,#528,.T.);
#229=ORIENTED_EDGE('',*,*,#529,.T.);
#230=ORIENTED_EDGE('',*,*,#530,.T.);
#231=ORIENTED_EDGE('',*,*,#531,.T.);
#232=ORIENTED_EDGE('',*,*,#532,.T.);
#233=ORIENTED_EDGE('',*,*,#533,.T.);
#234=ORIENTED_EDGE('',*,*,#534,.T.);
#235=ORIENTED_EDGE('',*,*,#535,.T.);
#236=ORIENTED_EDGE('',*,*,#536,.T.);
#237=ORIENTED_EDGE('',*,*,#537,.T.);
#238=ORIENTED_EDGE('',*,*,#538,.T.);
#239=ORIENTED_EDGE('',*,*,#539,.T.);
#240=ORIENTED_EDGE('',*,*,#540,.T.);
#241=ORIENTED_EDGE('',*,*,#541,.T.);
#242=ORIENTED_EDGE('',*,*,#542,.T.);
#243=ORIENTED_EDGE('',*,*,#543,.T.);
#244=ORIENTED_EDGE('',*,*,#544,.T.);
#245=ORIENTED_EDGE('',*,*,#545,.T.);
#246=ORIENTED_EDGE('',*,*,#546,.T.);
#247=ORIENTED_EDGE('',*,*,#547,.T.);
#248=ORIENTED_EDGE('',*,*,#548,.T.);
#249=ORIENTED_EDGE('',*,*,#549,.T.);
#250=ORIENTED_EDGE('',*,*,#550,.T.);
#251=ORIENTED_EDGE('',*,*,#551,.T.);
#252=ORIENTED_EDGE('',*,*,#552,.T.);
#253=ORIENTED_EDGE('',*,*,#553,.T.);
#254=ORIENTED_EDGE('',*,*,#554,.T.);
#255=ORIENTED_EDGE('',*,*,#555,.T.);
#256=ORIENTED_EDGE('',*,*,#556,.T.);
#257=ORIENTED_EDGE('',*,*,#557,.T.);
#258=ORIENTED_EDGE('',*,*,#558,.T.);
#259=ORIENTED_EDGE('',*,*,#559,.T.);
#260=ORIENTED_EDGE('',*,*,#560,.T.);
#261=ORIENTED_EDGE('',*,*,#561,.T.);
#262=ORIENTED_EDGE('',*,*,#562,.T.);
#263=ORIENTED_EDGE('',*,*,#563,.T.);
#264=ORIENTED_EDGE('',*,*,#564,.T.);
#265=ORIENTED_EDGE('',*,*,#565,.T.);
#266=ORIENTED_EDGE('',*,*,#566,.T.);
#267=ORIENTED_EDGE('',*,*,#567,.T.);
#268=ORIENTED_EDGE('',*,*,#568,.T.);
#269=ORIENTED_EDGE('',*,*,#569,.T.);
#270=ORIENTED_EDGE('',*,*,#570,.T.);
#271=ORIENTED_EDGE('',*,*,#571,.T.);
#272=ORIENTED_EDGE('',*,*,#572,.T.);
#273=ORIENTED_EDGE('',*,*,#573,.T.);
#274=ORIENTED_EDGE('',*,*,#574,.F.);
#275=ORIENTED_EDGE('',*,*,#575,.F.);
#276=ORIENTED_EDGE('',*,*,#576,.F.);
#277=ORIENTED_EDGE('',*,*,#577,.F.);
#278=ORIENTED_EDGE('',*,*,#578,.T.);
#279=ORIENTED_EDGE('',*,*,#579,.T.);
#280=ORIENTED_EDGE('',*,*,#580,.T.);
#281=ORIENTED_EDGE('',*,*,#570,.F.);
#282=ORIENTED_EDGE('',*,*,#581,.T.);
#283=ORIENTED_EDGE('',*,*,#582,.T.);
#284=ORIENTED_EDGE('',*,*,#583,.T.);
#285=ORIENTED_EDGE('',*,*,#572,.F.);
#286=ORIENTED_EDGE('',*,*,#584,.T.);
#287=ORIENTED_EDGE('',*,*,#585,.T.);
#288=ORIENTED_EDGE('',*,*,#586,.T.);
#289=ORIENTED_EDGE('',*,*,#566,.F.);
#290=ORIENTED_EDGE('',*,*,#587,.T.);
#291=ORIENTED_EDGE('',*,*,#588,.T.);
#292=ORIENTED_EDGE('',*,*,#589,.T.);
#293=ORIENTED_EDGE('',*,*,#568,.F.);
#294=ORIENTED_EDGE('',*,*,#574,.T.);
#295=ORIENTED_EDGE('',*,*,#590,.T.);
#296=ORIENTED_EDGE('',*,*,#591,.F.);
#297=ORIENTED_EDGE('',*,*,#592,.T.);
#298=ORIENTED_EDGE('',*,*,#593,.F.);
#299=ORIENTED_EDGE('',*,*,#594,.T.);
#300=ORIENTED_EDGE('',*,*,#576,.T.);
#301=ORIENTED_EDGE('',*,*,#595,.T.);
#302=ORIENTED_EDGE('',*,*,#591,.T.);
#303=ORIENTED_EDGE('',*,*,#596,.T.);
#304=ORIENTED_EDGE('',*,*,#593,.T.);
#305=ORIENTED_EDGE('',*,*,#597,.T.);
#306=ORIENTED_EDGE('',*,*,#563,.F.);
#307=ORIENTED_EDGE('',*,*,#598,.T.);
#308=ORIENTED_EDGE('',*,*,#599,.T.);
#309=ORIENTED_EDGE('',*,*,#600,.T.);
#310=ORIENTED_EDGE('',*,*,#601,.T.);
#311=ORIENTED_EDGE('',*,*,#602,.T.);
#312=ORIENTED_EDGE('',*,*,#565,.F.);
#313=ORIENTED_EDGE('',*,*,#603,.T.);
#314=ORIENTED_EDGE('',*,*,#599,.F.);
#315=ORIENTED_EDGE('',*,*,#604,.T.);
#316=ORIENTED_EDGE('',*,*,#601,.F.);
#317=ORIENTED_EDGE('',*,*,#605,.T.);
#318=ORIENTED_EDGE('',*,*,#583,.F.);
#319=ORIENTED_EDGE('',*,*,#606,.T.);
#320=ORIENTED_EDGE('',*,*,#584,.F.);
#321=ORIENTED_EDGE('',*,*,#573,.F.);
#322=ORIENTED_EDGE('',*,*,#580,.F.);
#323=ORIENTED_EDGE('',*,*,#607,.T.);
#324=ORIENTED_EDGE('',*,*,#581,.F.);
#325=ORIENTED_EDGE('',*,*,#571,.F.);
#326=ORIENTED_EDGE('',*,*,#589,.F.);
#327=ORIENTED_EDGE('',*,*,#608,.T.);
#328=ORIENTED_EDGE('',*,*,#578,.F.);
#329=ORIENTED_EDGE('',*,*,#569,.F.);
#330=ORIENTED_EDGE('',*,*,#586,.F.);
#331=ORIENTED_EDGE('',*,*,#609,.T.);
#332=ORIENTED_EDGE('',*,*,#587,.F.);
#333=ORIENTED_EDGE('',*,*,#567,.F.);
#334=ORIENTED_EDGE('',*,*,#610,.T.);
#335=ORIENTED_EDGE('',*,*,#552,.F.);
#336=ORIENTED_EDGE('',*,*,#610,.F.);
#337=ORIENTED_EDGE('',*,*,#546,.F.);
#338=ORIENTED_EDGE('',*,*,#611,.F.);
#339=ORIENTED_EDGE('',*,*,#612,.T.);
#340=ORIENTED_EDGE('',*,*,#613,.T.);
#341=ORIENTED_EDGE('',*,*,#547,.F.);
#342=ORIENTED_EDGE('',*,*,#613,.F.);
#343=ORIENTED_EDGE('',*,*,#614,.T.);
#344=ORIENTED_EDGE('',*,*,#615,.T.);
#345=ORIENTED_EDGE('',*,*,#548,.F.);
#346=ORIENTED_EDGE('',*,*,#615,.F.);
#347=ORIENTED_EDGE('',*,*,#616,.T.);
#348=ORIENTED_EDGE('',*,*,#617,.T.);
#349=ORIENTED_EDGE('',*,*,#549,.F.);
#350=ORIENTED_EDGE('',*,*,#617,.F.);
#351=ORIENTED_EDGE('',*,*,#618,.T.);
#352=ORIENTED_EDGE('',*,*,#619,.T.);
#353=ORIENTED_EDGE('',*,*,#550,.F.);
#354=ORIENTED_EDGE('',*,*,#619,.F.);
#355=ORIENTED_EDGE('',*,*,#620,.T.);
#356=ORIENTED_EDGE('',*,*,#621,.T.);
#357=ORIENTED_EDGE('',*,*,#551,.F.);
#358=ORIENTED_EDGE('',*,*,#621,.F.);
#359=ORIENTED_EDGE('',*,*,#622,.T.);
#360=ORIENTED_EDGE('',*,*,#611,.T.);
#361=ORIENTED_EDGE('',*,*,#612,.F.);
#362=ORIENTED_EDGE('',*,*,#622,.F.);
#363=ORIENTED_EDGE('',*,*,#620,.F.);
#364=ORIENTED_EDGE('',*,*,#618,.F.);
#365=ORIENTED_EDGE('',*,*,#616,.F.);
#366=ORIENTED_EDGE('',*,*,#614,.F.);
#367=ORIENTED_EDGE('',*,*,#553,.F.);
#368=ORIENTED_EDGE('',*,*,#623,.F.);
#369=ORIENTED_EDGE('',*,*,#624,.T.);
#370=ORIENTED_EDGE('',*,*,#625,.T.);
#371=ORIENTED_EDGE('',*,*,#554,.F.);
#372=ORIENTED_EDGE('',*,*,#625,.F.);
#373=ORIENTED_EDGE('',*,*,#626,.T.);
#374=ORIENTED_EDGE('',*,*,#627,.T.);
#375=ORIENTED_EDGE('',*,*,#555,.F.);
#376=ORIENTED_EDGE('',*,*,#627,.F.);
#377=ORIENTED_EDGE('',*,*,#628,.T.);
#378=ORIENTED_EDGE('',*,*,#629,.T.);
#379=ORIENTED_EDGE('',*,*,#556,.F.);
#380=ORIENTED_EDGE('',*,*,#629,.F.);
#381=ORIENTED_EDGE('',*,*,#630,.T.);
#382=ORIENTED_EDGE('',*,*,#623,.T.);
#383=ORIENTED_EDGE('',*,*,#624,.F.);
#384=ORIENTED_EDGE('',*,*,#630,.F.);
#385=ORIENTED_EDGE('',*,*,#628,.F.);
#386=ORIENTED_EDGE('',*,*,#626,.F.);
#387=ORIENTED_EDGE('',*,*,#542,.F.);
#388=ORIENTED_EDGE('',*,*,#631,.F.);
#389=ORIENTED_EDGE('',*,*,#632,.T.);
#390=ORIENTED_EDGE('',*,*,#633,.T.);
#391=ORIENTED_EDGE('',*,*,#543,.F.);
#392=ORIENTED_EDGE('',*,*,#633,.F.);
#393=ORIENTED_EDGE('',*,*,#634,.T.);
#394=ORIENTED_EDGE('',*,*,#635,.T.);
#395=ORIENTED_EDGE('',*,*,#544,.F.);
#396=ORIENTED_EDGE('',*,*,#635,.F.);
#397=ORIENTED_EDGE('',*,*,#636,.T.);
#398=ORIENTED_EDGE('',*,*,#637,.T.);
#399=ORIENTED_EDGE('',*,*,#545,.F.);
#400=ORIENTED_EDGE('',*,*,#637,.F.);
#401=ORIENTED_EDGE('',*,*,#638,.T.);
#402=ORIENTED_EDGE('',*,*,#631,.T.);
#403=ORIENTED_EDGE('',*,*,#632,.F.);
#404=ORIENTED_EDGE('',*,*,#638,.F.);
#405=ORIENTED_EDGE('',*,*,#636,.F.);
#406=ORIENTED_EDGE('',*,*,#634,.F.);
#407=ORIENTED_EDGE('',*,*,#639,.T.);
#408=ORIENTED_EDGE('',*,*,#640,.F.);
#409=ORIENTED_EDGE('',*,*,#641,.T.);
#410=ORIENTED_EDGE('',*,*,#557,.F.);
#411=ORIENTED_EDGE('',*,*,#639,.F.);
#412=ORIENTED_EDGE('',*,*,#641,.F.);
#413=ORIENTED_EDGE('',*,*,#640,.T.);
#414=ORIENTED_EDGE('',*,*,#536,.F.);
#415=ORIENTED_EDGE('',*,*,#642,.F.);
#416=ORIENTED_EDGE('',*,*,#643,.T.);
#417=ORIENTED_EDGE('',*,*,#644,.T.);
#418=ORIENTED_EDGE('',*,*,#537,.F.);
#419=ORIENTED_EDGE('',*,*,#644,.F.);
#420=ORIENTED_EDGE('',*,*,#645,.T.);
#421=ORIENTED_EDGE('',*,*,#646,.T.);
#422=ORIENTED_EDGE('',*,*,#538,.F.);
#423=ORIENTED_EDGE('',*,*,#646,.F.);
#424=ORIENTED_EDGE('',*,*,#647,.T.);
#425=ORIENTED_EDGE('',*,*,#648,.T.);
#426=ORIENTED_EDGE('',*,*,#539,.F.);
#427=ORIENTED_EDGE('',*,*,#648,.F.);
#428=ORIENTED_EDGE('',*,*,#649,.T.);
#429=ORIENTED_EDGE('',*,*,#650,.T.);
#430=ORIENTED_EDGE('',*,*,#540,.F.);
#431=ORIENTED_EDGE('',*,*,#650,.F.);
#432=ORIENTED_EDGE('',*,*,#651,.T.);
#433=ORIENTED_EDGE('',*,*,#652,.T.);
#434=ORIENTED_EDGE('',*,*,#653,.T.);
#435=ORIENTED_EDGE('',*,*,#654,.F.);
#436=ORIENTED_EDGE('',*,*,#541,.F.);
#437=ORIENTED_EDGE('',*,*,#652,.F.);
#438=ORIENTED_EDGE('',*,*,#655,.T.);
#439=ORIENTED_EDGE('',*,*,#642,.T.);
#440=ORIENTED_EDGE('',*,*,#653,.F.);
#441=ORIENTED_EDGE('',*,*,#643,.F.);
#442=ORIENTED_EDGE('',*,*,#655,.F.);
#443=ORIENTED_EDGE('',*,*,#651,.F.);
#444=ORIENTED_EDGE('',*,*,#649,.F.);
#445=ORIENTED_EDGE('',*,*,#647,.F.);
#446=ORIENTED_EDGE('',*,*,#645,.F.);
#447=ORIENTED_EDGE('',*,*,#654,.T.);
#448=ORIENTED_EDGE('',*,*,#656,.F.);
#449=ORIENTED_EDGE('',*,*,#657,.F.);
#450=ORIENTED_EDGE('',*,*,#658,.T.);
#451=ORIENTED_EDGE('',*,*,#659,.T.);
#452=ORIENTED_EDGE('',*,*,#558,.F.);
#453=ORIENTED_EDGE('',*,*,#660,.F.);
#454=ORIENTED_EDGE('',*,*,#661,.T.);
#455=ORIENTED_EDGE('',*,*,#662,.T.);
#456=ORIENTED_EDGE('',*,*,#559,.F.);
#457=ORIENTED_EDGE('',*,*,#662,.F.);
#458=ORIENTED_EDGE('',*,*,#663,.T.);
#459=ORIENTED_EDGE('',*,*,#664,.T.);
#460=ORIENTED_EDGE('',*,*,#560,.F.);
#461=ORIENTED_EDGE('',*,*,#664,.F.);
#462=ORIENTED_EDGE('',*,*,#665,.T.);
#463=ORIENTED_EDGE('',*,*,#666,.T.);
#464=ORIENTED_EDGE('',*,*,#561,.F.);
#465=ORIENTED_EDGE('',*,*,#666,.F.);
#466=ORIENTED_EDGE('',*,*,#667,.T.);
#467=ORIENTED_EDGE('',*,*,#660,.T.);
#468=ORIENTED_EDGE('',*,*,#668,.F.);
#469=ORIENTED_EDGE('',*,*,#659,.F.);
#470=ORIENTED_EDGE('',*,*,#669,.T.);
#471=ORIENTED_EDGE('',*,*,#657,.T.);
#472=ORIENTED_EDGE('',*,*,#661,.F.);
#473=ORIENTED_EDGE('',*,*,#667,.F.);
#474=ORIENTED_EDGE('',*,*,#665,.F.);
#475=ORIENTED_EDGE('',*,*,#663,.F.);
#476=ORIENTED_EDGE('',*,*,#658,.F.);
#477=ORIENTED_EDGE('',*,*,#669,.F.);
#478=ORIENTED_EDGE('',*,*,#656,.T.);
#479=ORIENTED_EDGE('',*,*,#668,.T.);
#480=ORIENTED_EDGE('',*,*,#670,.F.);
#481=ORIENTED_EDGE('',*,*,#533,.F.);
#482=ORIENTED_EDGE('',*,*,#671,.F.);
#483=ORIENTED_EDGE('',*,*,#582,.F.);
#484=ORIENTED_EDGE('',*,*,#671,.T.);
#485=ORIENTED_EDGE('',*,*,#532,.F.);
#486=ORIENTED_EDGE('',*,*,#672,.F.);
#487=ORIENTED_EDGE('',*,*,#606,.F.);
#488=ORIENTED_EDGE('',*,*,#670,.T.);
#489=ORIENTED_EDGE('',*,*,#607,.F.);
#490=ORIENTED_EDGE('',*,*,#673,.F.);
#491=ORIENTED_EDGE('',*,*,#534,.F.);
#492=ORIENTED_EDGE('',*,*,#672,.T.);
#493=ORIENTED_EDGE('',*,*,#531,.F.);
#494=ORIENTED_EDGE('',*,*,#674,.F.);
#495=ORIENTED_EDGE('',*,*,#585,.F.);
#496=ORIENTED_EDGE('',*,*,#673,.T.);
#497=ORIENTED_EDGE('',*,*,#579,.F.);
#498=ORIENTED_EDGE('',*,*,#675,.F.);
#499=ORIENTED_EDGE('',*,*,#535,.F.);
#500=ORIENTED_EDGE('',*,*,#674,.T.);
#501=ORIENTED_EDGE('',*,*,#530,.F.);
#502=ORIENTED_EDGE('',*,*,#676,.F.);
#503=ORIENTED_EDGE('',*,*,#609,.F.);
#504=ORIENTED_EDGE('',*,*,#675,.T.);
#505=ORIENTED_EDGE('',*,*,#608,.F.);
#506=ORIENTED_EDGE('',*,*,#677,.F.);
#507=ORIENTED_EDGE('',*,*,#528,.F.);
#508=ORIENTED_EDGE('',*,*,#676,.T.);
#509=ORIENTED_EDGE('',*,*,#529,.F.);
#510=ORIENTED_EDGE('',*,*,#677,.T.);
#511=ORIENTED_EDGE('',*,*,#588,.F.);
#512=ORIENTED_EDGE('',*,*,#595,.F.);
#513=ORIENTED_EDGE('',*,*,#575,.T.);
#514=ORIENTED_EDGE('',*,*,#592,.F.);
#515=ORIENTED_EDGE('',*,*,#597,.F.);
#516=ORIENTED_EDGE('',*,*,#600,.F.);
#517=ORIENTED_EDGE('',*,*,#605,.F.);
#518=ORIENTED_EDGE('',*,*,#603,.F.);
#519=ORIENTED_EDGE('',*,*,#564,.F.);
#520=ORIENTED_EDGE('',*,*,#602,.F.);
#521=ORIENTED_EDGE('',*,*,#604,.F.);
#522=ORIENTED_EDGE('',*,*,#598,.F.);
#523=ORIENTED_EDGE('',*,*,#562,.F.);
#524=ORIENTED_EDGE('',*,*,#590,.F.);
#525=ORIENTED_EDGE('',*,*,#577,.T.);
#526=ORIENTED_EDGE('',*,*,#594,.F.);
#527=ORIENTED_EDGE('',*,*,#596,.F.);
#528=EDGE_CURVE('',#678,#679,#778,.F.);
#529=EDGE_CURVE('',#679,#680,#104,.F.);
#530=EDGE_CURVE('',#680,#681,#779,.F.);
#531=EDGE_CURVE('',#681,#682,#105,.F.);
#532=EDGE_CURVE('',#682,#683,#780,.F.);
#533=EDGE_CURVE('',#683,#684,#106,.F.);
#534=EDGE_CURVE('',#684,#685,#781,.F.);
#535=EDGE_CURVE('',#685,#678,#107,.F.);
#536=EDGE_CURVE('',#686,#687,#46,.T.);
#537=EDGE_CURVE('',#687,#688,#47,.T.);
#538=EDGE_CURVE('',#688,#689,#48,.T.);
#539=EDGE_CURVE('',#689,#690,#49,.T.);
#540=EDGE_CURVE('',#690,#691,#50,.T.);
#541=EDGE_CURVE('',#691,#686,#51,.T.);
#542=EDGE_CURVE('',#692,#693,#52,.T.);
#543=EDGE_CURVE('',#693,#694,#53,.T.);
#544=EDGE_CURVE('',#694,#695,#54,.T.);
#545=EDGE_CURVE('',#695,#692,#55,.T.);
#546=EDGE_CURVE('',#696,#697,#56,.T.);
#547=EDGE_CURVE('',#697,#698,#57,.T.);
#548=EDGE_CURVE('',#698,#699,#58,.T.);
#549=EDGE_CURVE('',#699,#700,#59,.T.);
#550=EDGE_CURVE('',#700,#701,#60,.T.);
#551=EDGE_CURVE('',#701,#696,#61,.T.);
#552=EDGE_CURVE('',#702,#702,#782,.T.);
#553=EDGE_CURVE('',#703,#704,#62,.T.);
#554=EDGE_CURVE('',#704,#705,#63,.T.);
#555=EDGE_CURVE('',#705,#706,#64,.T.);
#556=EDGE_CURVE('',#706,#703,#65,.T.);
#557=EDGE_CURVE('',#707,#707,#66,.T.);
#558=EDGE_CURVE('',#708,#709,#67,.T.);
#559=EDGE_CURVE('',#709,#710,#68,.T.);
#560=EDGE_CURVE('',#710,#711,#69,.T.);
#561=EDGE_CURVE('',#711,#708,#70,.T.);
#562=EDGE_CURVE('',#712,#713,#108,.T.);
#563=EDGE_CURVE('',#713,#714,#109,.T.);
#564=EDGE_CURVE('',#714,#715,#110,.T.);
#565=EDGE_CURVE('',#715,#712,#111,.T.);
#566=EDGE_CURVE('',#716,#717,#112,.T.);
#567=EDGE_CURVE('',#717,#718,#783,.T.);
#568=EDGE_CURVE('',#718,#719,#113,.T.);
#569=EDGE_CURVE('',#719,#720,#784,.T.);
#570=EDGE_CURVE('',#720,#721,#114,.T.);
#571=EDGE_CURVE('',#721,#722,#785,.T.);
#572=EDGE_CURVE('',#722,#723,#115,.T.);
#573=EDGE_CURVE('',#723,#716,#786,.T.);
#574=EDGE_CURVE('',#724,#725,#116,.T.);
#575=EDGE_CURVE('',#726,#724,#117,.T.);
#576=EDGE_CURVE('',#727,#726,#118,.T.);
#577=EDGE_CURVE('',#725,#727,#119,.T.);
#578=EDGE_CURVE('',#720,#728,#120,.F.);
#579=EDGE_CURVE('',#728,#729,#121,.T.);
#580=EDGE_CURVE('',#729,#721,#122,.T.);
#581=EDGE_CURVE('',#722,#730,#123,.F.);
#582=EDGE_CURVE('',#730,#731,#124,.T.);
#583=EDGE_CURVE('',#731,#723,#125,.T.);
#584=EDGE_CURVE('',#716,#732,#126,.F.);
#585=EDGE_CURVE('',#732,#733,#127,.T.);
#586=EDGE_CURVE('',#733,#717,#128,.T.);
#587=EDGE_CURVE('',#718,#734,#129,.F.);
#588=EDGE_CURVE('',#734,#735,#130,.T.);
#589=EDGE_CURVE('',#735,#719,#131,.T.);
#590=EDGE_CURVE('',#725,#736,#787,.F.);
#591=EDGE_CURVE('',#737,#736,#132,.T.);
#592=EDGE_CURVE('',#737,#724,#788,.F.);
#593=EDGE_CURVE('',#738,#739,#133,.T.);
#594=EDGE_CURVE('',#738,#727,#789,.F.);
#595=EDGE_CURVE('',#726,#739,#790,.F.);
#596=EDGE_CURVE('',#736,#738,#134,.F.);
#597=EDGE_CURVE('',#739,#737,#135,.F.);
#598=EDGE_CURVE('',#713,#740,#791,.T.);
#599=EDGE_CURVE('',#740,#741,#136,.T.);
#600=EDGE_CURVE('',#741,#714,#792,.T.);
#601=EDGE_CURVE('',#742,#743,#137,.T.);
#602=EDGE_CURVE('',#743,#712,#793,.T.);
#603=EDGE_CURVE('',#715,#742,#794,.T.);
#604=EDGE_CURVE('',#740,#743,#138,.F.);
#605=EDGE_CURVE('',#742,#741,#139,.F.);
#606=EDGE_CURVE('',#731,#732,#795,.T.);
#607=EDGE_CURVE('',#729,#730,#796,.T.);
#608=EDGE_CURVE('',#735,#728,#797,.T.);
#609=EDGE_CURVE('',#733,#734,#798,.T.);
#610=EDGE_CURVE('',#744,#744,#799,.T.);
#611=EDGE_CURVE('',#745,#696,#140,.T.);
#612=EDGE_CURVE('',#745,#746,#71,.T.);
#613=EDGE_CURVE('',#746,#697,#141,.T.);
#614=EDGE_CURVE('',#746,#747,#72,.T.);
#615=EDGE_CURVE('',#747,#698,#142,.T.);
#616=EDGE_CURVE('',#747,#748,#73,.T.);
#617=EDGE_CURVE('',#748,#699,#143,.T.);
#618=EDGE_CURVE('',#748,#749,#74,.T.);
#619=EDGE_CURVE('',#749,#700,#144,.T.);
#620=EDGE_CURVE('',#749,#750,#75,.T.);
#621=EDGE_CURVE('',#750,#701,#145,.T.);
#622=EDGE_CURVE('',#750,#745,#76,.T.);
#623=EDGE_CURVE('',#751,#703,#146,.T.);
#624=EDGE_CURVE('',#751,#752,#77,.T.);
#625=EDGE_CURVE('',#752,#704,#147,.T.);
#626=EDGE_CURVE('',#752,#753,#78,.T.);
#627=EDGE_CURVE('',#753,#705,#148,.T.);
#628=EDGE_CURVE('',#753,#754,#79,.T.);
#629=EDGE_CURVE('',#754,#706,#149,.T.);
#630=EDGE_CURVE('',#754,#751,#80,.T.);
#631=EDGE_CURVE('',#755,#692,#150,.T.);
#632=EDGE_CURVE('',#755,#756,#81,.T.);
#633=EDGE_CURVE('',#756,#693,#151,.T.);
#634=EDGE_CURVE('',#756,#757,#82,.T.);
#635=EDGE_CURVE('',#757,#694,#152,.T.);
#636=EDGE_CURVE('',#757,#758,#83,.T.);
#637=EDGE_CURVE('',#758,#695,#153,.T.);
#638=EDGE_CURVE('',#758,#755,#84,.T.);
#639=EDGE_CURVE('',#759,#759,#85,.T.);
#640=EDGE_CURVE('',#760,#760,#86,.T.);
#641=EDGE_CURVE('',#761,#761,#87,.T.);
#642=EDGE_CURVE('',#762,#686,#154,.T.);
#643=EDGE_CURVE('',#762,#763,#88,.T.);
#644=EDGE_CURVE('',#763,#687,#155,.T.);
#645=EDGE_CURVE('',#763,#764,#89,.T.);
#646=EDGE_CURVE('',#764,#688,#156,.T.);
#647=EDGE_CURVE('',#764,#765,#90,.T.);
#648=EDGE_CURVE('',#765,#689,#157,.T.);
#649=EDGE_CURVE('',#765,#766,#91,.T.);
#650=EDGE_CURVE('',#766,#690,#158,.T.);
#651=EDGE_CURVE('',#766,#767,#92,.T.);
#652=EDGE_CURVE('',#767,#691,#159,.T.);
#653=EDGE_CURVE('',#768,#768,#93,.T.);
#654=EDGE_CURVE('',#769,#769,#94,.T.);
#655=EDGE_CURVE('',#767,#762,#95,.T.);
#656=EDGE_CURVE('',#770,#771,#96,.T.);
#657=EDGE_CURVE('',#772,#770,#160,.T.);
#658=EDGE_CURVE('',#772,#773,#97,.T.);
#659=EDGE_CURVE('',#773,#771,#161,.T.);
#660=EDGE_CURVE('',#774,#708,#162,.T.);
#661=EDGE_CURVE('',#774,#775,#98,.T.);
#662=EDGE_CURVE('',#775,#709,#163,.T.);
#663=EDGE_CURVE('',#775,#776,#99,.T.);
#664=EDGE_CURVE('',#776,#710,#164,.T.);
#665=EDGE_CURVE('',#776,#777,#100,.T.);
#666=EDGE_CURVE('',#777,#711,#165,.T.);
#667=EDGE_CURVE('',#777,#774,#101,.T.);
#668=EDGE_CURVE('',#771,#770,#102,.T.);
#669=EDGE_CURVE('',#773,#772,#103,.T.);
#670=EDGE_CURVE('',#684,#730,#800,.T.);
#671=EDGE_CURVE('',#731,#683,#801,.T.);
#672=EDGE_CURVE('',#732,#682,#802,.T.);
#673=EDGE_CURVE('',#685,#729,#803,.T.);
#674=EDGE_CURVE('',#733,#681,#804,.T.);
#675=EDGE_CURVE('',#678,#728,#805,.T.);
#676=EDGE_CURVE('',#734,#680,#806,.T.);
#677=EDGE_CURVE('',#679,#735,#807,.T.);
#678=VERTEX_POINT('',#1904);
#679=VERTEX_POINT('',#1905);
#680=VERTEX_POINT('',#1907);
#681=VERTEX_POINT('',#1909);
#682=VERTEX_POINT('',#1911);
#683=VERTEX_POINT('',#1913);
#684=VERTEX_POINT('',#1915);
#685=VERTEX_POINT('',#1917);
#686=VERTEX_POINT('',#1923);
#687=VERTEX_POINT('',#1924);
#688=VERTEX_POINT('',#1929);
#689=VERTEX_POINT('',#1954);
#690=VERTEX_POINT('',#1959);
#691=VERTEX_POINT('',#1964);
#692=VERTEX_POINT('',#1995);
#693=VERTEX_POINT('',#1996);
#694=VERTEX_POINT('',#2001);
#695=VERTEX_POINT('',#2030);
#696=VERTEX_POINT('',#2037);
#697=VERTEX_POINT('',#2038);
#698=VERTEX_POINT('',#2041);
#699=VERTEX_POINT('',#2044);
#700=VERTEX_POINT('',#2047);
#701=VERTEX_POINT('',#2050);
#702=VERTEX_POINT('',#2054);
#703=VERTEX_POINT('',#2057);
#704=VERTEX_POINT('',#2058);
#705=VERTEX_POINT('',#2061);
#706=VERTEX_POINT('',#2064);
#707=VERTEX_POINT('',#2091);
#708=VERTEX_POINT('',#2104);
#709=VERTEX_POINT('',#2105);
#710=VERTEX_POINT('',#2110);
#711=VERTEX_POINT('',#2135);
#712=VERTEX_POINT('',#2142);
#713=VERTEX_POINT('',#2143);
#714=VERTEX_POINT('',#2145);
#715=VERTEX_POINT('',#2147);
#716=VERTEX_POINT('',#2150);
#717=VERTEX_POINT('',#2151);
#718=VERTEX_POINT('',#2153);
#719=VERTEX_POINT('',#2155);
#720=VERTEX_POINT('',#2157);
#721=VERTEX_POINT('',#2159);
#722=VERTEX_POINT('',#2161);
#723=VERTEX_POINT('',#2163);
#724=VERTEX_POINT('',#2166);
#725=VERTEX_POINT('',#2167);
#726=VERTEX_POINT('',#2169);
#727=VERTEX_POINT('',#2171);
#728=VERTEX_POINT('',#2175);
#729=VERTEX_POINT('',#2177);
#730=VERTEX_POINT('',#2181);
#731=VERTEX_POINT('',#2183);
#732=VERTEX_POINT('',#2187);
#733=VERTEX_POINT('',#2189);
#734=VERTEX_POINT('',#2193);
#735=VERTEX_POINT('',#2195);
#736=VERTEX_POINT('',#2199);
#737=VERTEX_POINT('',#2201);
#738=VERTEX_POINT('',#2205);
#739=VERTEX_POINT('',#2206);
#740=VERTEX_POINT('',#2214);
#741=VERTEX_POINT('',#2216);
#742=VERTEX_POINT('',#2220);
#743=VERTEX_POINT('',#2221);
#744=VERTEX_POINT('',#2237);
#745=VERTEX_POINT('',#2241);
#746=VERTEX_POINT('',#2244);
#747=VERTEX_POINT('',#2249);
#748=VERTEX_POINT('',#2254);
#749=VERTEX_POINT('',#2259);
#750=VERTEX_POINT('',#2264);
#751=VERTEX_POINT('',#2272);
#752=VERTEX_POINT('',#2275);
#753=VERTEX_POINT('',#2280);
#754=VERTEX_POINT('',#2285);
#755=VERTEX_POINT('',#2314);
#756=VERTEX_POINT('',#2341);
#757=VERTEX_POINT('',#2348);
#758=VERTEX_POINT('',#2400);
#759=VERTEX_POINT('',#2451);
#760=VERTEX_POINT('',#2473);
#761=VERTEX_POINT('',#2516);
#762=VERTEX_POINT('',#2521);
#763=VERTEX_POINT('',#2526);
#764=VERTEX_POINT('',#2533);
#765=VERTEX_POINT('',#2575);
#766=VERTEX_POINT('',#2582);
#767=VERTEX_POINT('',#2589);
#768=VERTEX_POINT('',#2630);
#769=VERTEX_POINT('',#2652);
#770=VERTEX_POINT('',#2665);
#771=VERTEX_POINT('',#2666);
#772=VERTEX_POINT('',#2668);
#773=VERTEX_POINT('',#2673);
#774=VERTEX_POINT('',#2690);
#775=VERTEX_POINT('',#2703);
#776=VERTEX_POINT('',#2710);
#777=VERTEX_POINT('',#2764);
#778=CIRCLE('',#1571,0.1);
#779=CIRCLE('',#1572,0.1);
#780=CIRCLE('',#1573,0.1);
#781=CIRCLE('',#1574,0.1);
#782=CIRCLE('',#1575,0.25);
#783=CIRCLE('',#1577,0.2);
#784=CIRCLE('',#1578,0.2);
#785=CIRCLE('',#1579,0.2);
#786=CIRCLE('',#1580,0.2);
#787=CIRCLE('',#1586,0.6);
#788=CIRCLE('',#1587,0.6);
#789=CIRCLE('',#1589,0.6);
#790=CIRCLE('',#1590,0.6);
#791=CIRCLE('',#1593,0.6);
#792=CIRCLE('',#1594,0.6);
#793=CIRCLE('',#1596,0.6);
#794=CIRCLE('',#1597,0.6);
#795=CIRCLE('',#1600,0.2);
#796=CIRCLE('',#1602,0.2);
#797=CIRCLE('',#1604,0.2);
#798=CIRCLE('',#1606,0.2);
#799=CIRCLE('',#1608,0.25);
#800=CIRCLE('',#1640,0.1);
#801=CIRCLE('',#1641,0.1);
#802=CIRCLE('',#1643,0.1);
#803=CIRCLE('',#1645,0.1);
#804=CIRCLE('',#1647,0.1);
#805=CIRCLE('',#1649,0.1);
#806=CIRCLE('',#1651,0.1);
#807=CIRCLE('',#1653,0.1);
#808=EDGE_LOOP('',(#228,#229,#230,#231,#232,#233,#234,#235));
#809=EDGE_LOOP('',(#236,#237,#238,#239,#240,#241));
#810=EDGE_LOOP('',(#242,#243,#244,#245));
#811=EDGE_LOOP('',(#246,#247,#248,#249,#250,#251));
#812=EDGE_LOOP('',(#252));
#813=EDGE_LOOP('',(#253,#254,#255,#256));
#814=EDGE_LOOP('',(#257));
#815=EDGE_LOOP('',(#258,#259,#260,#261));
#816=EDGE_LOOP('',(#262,#263,#264,#265));
#817=EDGE_LOOP('',(#266,#267,#268,#269,#270,#271,#272,#273));
#818=EDGE_LOOP('',(#274,#275,#276,#277));
#819=EDGE_LOOP('',(#278,#279,#280,#281));
#820=EDGE_LOOP('',(#282,#283,#284,#285));
#821=EDGE_LOOP('',(#286,#287,#288,#289));
#822=EDGE_LOOP('',(#290,#291,#292,#293));
#823=EDGE_LOOP('',(#294,#295,#296,#297));
#824=EDGE_LOOP('',(#298,#299,#300,#301));
#825=EDGE_LOOP('',(#302,#303,#304,#305));
#826=EDGE_LOOP('',(#306,#307,#308,#309));
#827=EDGE_LOOP('',(#310,#311,#312,#313));
#828=EDGE_LOOP('',(#314,#315,#316,#317));
#829=EDGE_LOOP('',(#318,#319,#320,#321));
#830=EDGE_LOOP('',(#322,#323,#324,#325));
#831=EDGE_LOOP('',(#326,#327,#328,#329));
#832=EDGE_LOOP('',(#330,#331,#332,#333));
#833=EDGE_LOOP('',(#334));
#834=EDGE_LOOP('',(#335));
#835=EDGE_LOOP('',(#336));
#836=EDGE_LOOP('',(#337,#338,#339,#340));
#837=EDGE_LOOP('',(#341,#342,#343,#344));
#838=EDGE_LOOP('',(#345,#346,#347,#348));
#839=EDGE_LOOP('',(#349,#350,#351,#352));
#840=EDGE_LOOP('',(#353,#354,#355,#356));
#841=EDGE_LOOP('',(#357,#358,#359,#360));
#842=EDGE_LOOP('',(#361,#362,#363,#364,#365,#366));
#843=EDGE_LOOP('',(#367,#368,#369,#370));
#844=EDGE_LOOP('',(#371,#372,#373,#374));
#845=EDGE_LOOP('',(#375,#376,#377,#378));
#846=EDGE_LOOP('',(#379,#380,#381,#382));
#847=EDGE_LOOP('',(#383,#384,#385,#386));
#848=EDGE_LOOP('',(#387,#388,#389,#390));
#849=EDGE_LOOP('',(#391,#392,#393,#394));
#850=EDGE_LOOP('',(#395,#396,#397,#398));
#851=EDGE_LOOP('',(#399,#400,#401,#402));
#852=EDGE_LOOP('',(#403,#404,#405,#406));
#853=EDGE_LOOP('',(#407));
#854=EDGE_LOOP('',(#408));
#855=EDGE_LOOP('',(#409));
#856=EDGE_LOOP('',(#410));
#857=EDGE_LOOP('',(#411));
#858=EDGE_LOOP('',(#412));
#859=EDGE_LOOP('',(#413));
#860=EDGE_LOOP('',(#414,#415,#416,#417));
#861=EDGE_LOOP('',(#418,#419,#420,#421));
#862=EDGE_LOOP('',(#422,#423,#424,#425));
#863=EDGE_LOOP('',(#426,#427,#428,#429));
#864=EDGE_LOOP('',(#430,#431,#432,#433));
#865=EDGE_LOOP('',(#434));
#866=EDGE_LOOP('',(#435));
#867=EDGE_LOOP('',(#436,#437,#438,#439));
#868=EDGE_LOOP('',(#440));
#869=EDGE_LOOP('',(#441,#442,#443,#444,#445,#446));
#870=EDGE_LOOP('',(#447));
#871=EDGE_LOOP('',(#448,#449,#450,#451));
#872=EDGE_LOOP('',(#452,#453,#454,#455));
#873=EDGE_LOOP('',(#456,#457,#458,#459));
#874=EDGE_LOOP('',(#460,#461,#462,#463));
#875=EDGE_LOOP('',(#464,#465,#466,#467));
#876=EDGE_LOOP('',(#468,#469,#470,#471));
#877=EDGE_LOOP('',(#472,#473,#474,#475));
#878=EDGE_LOOP('',(#476,#477));
#879=EDGE_LOOP('',(#478,#479));
#880=EDGE_LOOP('',(#480,#481,#482,#483));
#881=EDGE_LOOP('',(#484,#485,#486,#487));
#882=EDGE_LOOP('',(#488,#489,#490,#491));
#883=EDGE_LOOP('',(#492,#493,#494,#495));
#884=EDGE_LOOP('',(#496,#497,#498,#499));
#885=EDGE_LOOP('',(#500,#501,#502,#503));
#886=EDGE_LOOP('',(#504,#505,#506,#507));
#887=EDGE_LOOP('',(#508,#509,#510,#511));
#888=EDGE_LOOP('',(#512,#513,#514,#515));
#889=EDGE_LOOP('',(#516,#517,#518,#519));
#890=EDGE_LOOP('',(#520,#521,#522,#523));
#891=EDGE_LOOP('',(#524,#525,#526,#527));
#892=FACE_BOUND('',#808,.T.);
#893=FACE_BOUND('',#809,.T.);
#894=FACE_BOUND('',#810,.T.);
#895=FACE_BOUND('',#811,.T.);
#896=FACE_BOUND('',#812,.T.);
#897=FACE_BOUND('',#813,.T.);
#898=FACE_BOUND('',#814,.T.);
#899=FACE_BOUND('',#815,.T.);
#900=FACE_BOUND('',#816,.T.);
#901=FACE_BOUND('',#817,.T.);
#902=FACE_BOUND('',#818,.T.);
#903=FACE_BOUND('',#819,.T.);
#904=FACE_BOUND('',#820,.T.);
#905=FACE_BOUND('',#821,.T.);
#906=FACE_BOUND('',#822,.T.);
#907=FACE_BOUND('',#823,.T.);
#908=FACE_BOUND('',#824,.T.);
#909=FACE_BOUND('',#825,.T.);
#910=FACE_BOUND('',#826,.T.);
#911=FACE_BOUND('',#827,.T.);
#912=FACE_BOUND('',#828,.T.);
#913=FACE_BOUND('',#829,.T.);
#914=FACE_BOUND('',#830,.T.);
#915=FACE_BOUND('',#831,.T.);
#916=FACE_BOUND('',#832,.T.);
#917=FACE_BOUND('',#833,.T.);
#918=FACE_BOUND('',#834,.T.);
#919=FACE_BOUND('',#835,.T.);
#920=FACE_BOUND('',#836,.T.);
#921=FACE_BOUND('',#837,.T.);
#922=FACE_BOUND('',#838,.T.);
#923=FACE_BOUND('',#839,.T.);
#924=FACE_BOUND('',#840,.T.);
#925=FACE_BOUND('',#841,.T.);
#926=FACE_BOUND('',#842,.T.);
#927=FACE_BOUND('',#843,.T.);
#928=FACE_BOUND('',#844,.T.);
#929=FACE_BOUND('',#845,.T.);
#930=FACE_BOUND('',#846,.T.);
#931=FACE_BOUND('',#847,.T.);
#932=FACE_BOUND('',#848,.T.);
#933=FACE_BOUND('',#849,.T.);
#934=FACE_BOUND('',#850,.T.);
#935=FACE_BOUND('',#851,.T.);
#936=FACE_BOUND('',#852,.T.);
#937=FACE_BOUND('',#853,.T.);
#938=FACE_BOUND('',#854,.T.);
#939=FACE_BOUND('',#855,.T.);
#940=FACE_BOUND('',#856,.T.);
#941=FACE_BOUND('',#857,.T.);
#942=FACE_BOUND('',#858,.T.);
#943=FACE_BOUND('',#859,.T.);
#944=FACE_BOUND('',#860,.T.);
#945=FACE_BOUND('',#861,.T.);
#946=FACE_BOUND('',#862,.T.);
#947=FACE_BOUND('',#863,.T.);
#948=FACE_BOUND('',#864,.T.);
#949=FACE_BOUND('',#865,.T.);
#950=FACE_BOUND('',#866,.T.);
#951=FACE_BOUND('',#867,.T.);
#952=FACE_BOUND('',#868,.T.);
#953=FACE_BOUND('',#869,.T.);
#954=FACE_BOUND('',#870,.T.);
#955=FACE_BOUND('',#871,.T.);
#956=FACE_BOUND('',#872,.T.);
#957=FACE_BOUND('',#873,.T.);
#958=FACE_BOUND('',#874,.T.);
#959=FACE_BOUND('',#875,.T.);
#960=FACE_BOUND('',#876,.T.);
#961=FACE_BOUND('',#877,.T.);
#962=FACE_BOUND('',#878,.T.);
#963=FACE_BOUND('',#879,.T.);
#964=FACE_BOUND('',#880,.T.);
#965=FACE_BOUND('',#881,.T.);
#966=FACE_BOUND('',#882,.T.);
#967=FACE_BOUND('',#883,.T.);
#968=FACE_BOUND('',#884,.T.);
#969=FACE_BOUND('',#885,.T.);
#970=FACE_BOUND('',#886,.T.);
#971=FACE_BOUND('',#887,.T.);
#972=FACE_BOUND('',#888,.T.);
#973=FACE_BOUND('',#889,.T.);
#974=FACE_BOUND('',#890,.T.);
#975=FACE_BOUND('',#891,.T.);
#976=PLANE('',#1570);
#977=PLANE('',#1576);
#978=PLANE('',#1581);
#979=PLANE('',#1582);
#980=PLANE('',#1583);
#981=PLANE('',#1584);
#982=PLANE('',#1585);
#983=PLANE('',#1588);
#984=PLANE('',#1591);
#985=PLANE('',#1592);
#986=PLANE('',#1595);
#987=PLANE('',#1598);
#988=PLANE('',#1609);
#989=PLANE('',#1610);
#990=PLANE('',#1611);
#991=PLANE('',#1612);
#992=PLANE('',#1613);
#993=PLANE('',#1614);
#994=PLANE('',#1615);
#995=PLANE('',#1616);
#996=PLANE('',#1617);
#997=PLANE('',#1618);
#998=PLANE('',#1619);
#999=PLANE('',#1620);
#1000=PLANE('',#1621);
#1001=PLANE('',#1622);
#1002=PLANE('',#1623);
#1003=PLANE('',#1624);
#1004=PLANE('',#1625);
#1005=PLANE('',#1626);
#1006=PLANE('',#1627);
#1007=PLANE('',#1628);
#1008=PLANE('',#1629);
#1009=PLANE('',#1630);
#1010=PLANE('',#1631);
#1011=PLANE('',#1632);
#1012=PLANE('',#1633);
#1013=PLANE('',#1634);
#1014=PLANE('',#1635);
#1015=PLANE('',#1636);
#1016=PLANE('',#1637);
#1017=PLANE('',#1638);
#1018=STYLED_ITEM('',(#1086),#1497);
#1019=STYLED_ITEM('',(#1087),#1498);
#1020=STYLED_ITEM('',(#1088),#1499);
#1021=STYLED_ITEM('',(#1089),#1500);
#1022=STYLED_ITEM('',(#1090),#1501);
#1023=STYLED_ITEM('',(#1091),#1502);
#1024=STYLED_ITEM('',(#1092),#1503);
#1025=STYLED_ITEM('',(#1093),#1504);
#1026=STYLED_ITEM('',(#1094),#1505);
#1027=STYLED_ITEM('',(#1095),#1506);
#1028=STYLED_ITEM('',(#1096),#1507);
#1029=STYLED_ITEM('',(#1097),#1508);
#1030=STYLED_ITEM('',(#1098),#1509);
#1031=STYLED_ITEM('',(#1099),#1510);
#1032=STYLED_ITEM('',(#1100),#1511);
#1033=STYLED_ITEM('',(#1101),#1512);
#1034=STYLED_ITEM('',(#1102),#1513);
#1035=STYLED_ITEM('',(#1103),#1514);
#1036=STYLED_ITEM('',(#1104),#1515);
#1037=STYLED_ITEM('',(#1105),#1516);
#1038=STYLED_ITEM('',(#1106),#1517);
#1039=STYLED_ITEM('',(#1107),#1518);
#1040=STYLED_ITEM('',(#1108),#1519);
#1041=STYLED_ITEM('',(#1109),#1520);
#1042=STYLED_ITEM('',(#1110),#1521);
#1043=STYLED_ITEM('',(#1111),#1522);
#1044=STYLED_ITEM('',(#1112),#1523);
#1045=STYLED_ITEM('',(#1113),#1524);
#1046=STYLED_ITEM('',(#1114),#1525);
#1047=STYLED_ITEM('',(#1115),#1526);
#1048=STYLED_ITEM('',(#1116),#1527);
#1049=STYLED_ITEM('',(#1117),#1528);
#1050=STYLED_ITEM('',(#1118),#1529);
#1051=STYLED_ITEM('',(#1119),#1530);
#1052=STYLED_ITEM('',(#1120),#1531);
#1053=STYLED_ITEM('',(#1121),#1532);
#1054=STYLED_ITEM('',(#1122),#1533);
#1055=STYLED_ITEM('',(#1123),#1534);
#1056=STYLED_ITEM('',(#1124),#1535);
#1057=STYLED_ITEM('',(#1125),#1536);
#1058=STYLED_ITEM('',(#1126),#1537);
#1059=STYLED_ITEM('',(#1127),#1538);
#1060=STYLED_ITEM('',(#1128),#1539);
#1061=STYLED_ITEM('',(#1129),#1540);
#1062=STYLED_ITEM('',(#1130),#1541);
#1063=STYLED_ITEM('',(#1131),#1542);
#1064=STYLED_ITEM('',(#1132),#1543);
#1065=STYLED_ITEM('',(#1133),#1544);
#1066=STYLED_ITEM('',(#1134),#1545);
#1067=STYLED_ITEM('',(#1135),#1546);
#1068=STYLED_ITEM('',(#1136),#1547);
#1069=STYLED_ITEM('',(#1137),#1548);
#1070=STYLED_ITEM('',(#1138),#1549);
#1071=STYLED_ITEM('',(#1139),#1550);
#1072=STYLED_ITEM('',(#1140),#1551);
#1073=STYLED_ITEM('',(#1141),#1552);
#1074=STYLED_ITEM('',(#1142),#1553);
#1075=STYLED_ITEM('',(#1143),#1554);
#1076=STYLED_ITEM('',(#1144),#1555);
#1077=STYLED_ITEM('',(#1145),#1556);
#1078=STYLED_ITEM('',(#1146),#1557);
#1079=STYLED_ITEM('',(#1147),#1558);
#1080=STYLED_ITEM('',(#1148),#1559);
#1081=STYLED_ITEM('',(#1149),#1560);
#1082=STYLED_ITEM('',(#1150),#1561);
#1083=STYLED_ITEM('',(#1151),#1562);
#1084=STYLED_ITEM('',(#1152),#1563);
#1085=STYLED_ITEM('',(#1153),#1564);
#1086=PRESENTATION_STYLE_ASSIGNMENT((#1154));
#1087=PRESENTATION_STYLE_ASSIGNMENT((#1155));
#1088=PRESENTATION_STYLE_ASSIGNMENT((#1156));
#1089=PRESENTATION_STYLE_ASSIGNMENT((#1157));
#1090=PRESENTATION_STYLE_ASSIGNMENT((#1158));
#1091=PRESENTATION_STYLE_ASSIGNMENT((#1159));
#1092=PRESENTATION_STYLE_ASSIGNMENT((#1160));
#1093=PRESENTATION_STYLE_ASSIGNMENT((#1161));
#1094=PRESENTATION_STYLE_ASSIGNMENT((#1162));
#1095=PRESENTATION_STYLE_ASSIGNMENT((#1163));
#1096=PRESENTATION_STYLE_ASSIGNMENT((#1164));
#1097=PRESENTATION_STYLE_ASSIGNMENT((#1165));
#1098=PRESENTATION_STYLE_ASSIGNMENT((#1166));
#1099=PRESENTATION_STYLE_ASSIGNMENT((#1167));
#1100=PRESENTATION_STYLE_ASSIGNMENT((#1168));
#1101=PRESENTATION_STYLE_ASSIGNMENT((#1169));
#1102=PRESENTATION_STYLE_ASSIGNMENT((#1170));
#1103=PRESENTATION_STYLE_ASSIGNMENT((#1171));
#1104=PRESENTATION_STYLE_ASSIGNMENT((#1172));
#1105=PRESENTATION_STYLE_ASSIGNMENT((#1173));
#1106=PRESENTATION_STYLE_ASSIGNMENT((#1174));
#1107=PRESENTATION_STYLE_ASSIGNMENT((#1175));
#1108=PRESENTATION_STYLE_ASSIGNMENT((#1176));
#1109=PRESENTATION_STYLE_ASSIGNMENT((#1177));
#1110=PRESENTATION_STYLE_ASSIGNMENT((#1178));
#1111=PRESENTATION_STYLE_ASSIGNMENT((#1179));
#1112=PRESENTATION_STYLE_ASSIGNMENT((#1180));
#1113=PRESENTATION_STYLE_ASSIGNMENT((#1181));
#1114=PRESENTATION_STYLE_ASSIGNMENT((#1182));
#1115=PRESENTATION_STYLE_ASSIGNMENT((#1183));
#1116=PRESENTATION_STYLE_ASSIGNMENT((#1184));
#1117=PRESENTATION_STYLE_ASSIGNMENT((#1185));
#1118=PRESENTATION_STYLE_ASSIGNMENT((#1186));
#1119=PRESENTATION_STYLE_ASSIGNMENT((#1187));
#1120=PRESENTATION_STYLE_ASSIGNMENT((#1188));
#1121=PRESENTATION_STYLE_ASSIGNMENT((#1189));
#1122=PRESENTATION_STYLE_ASSIGNMENT((#1190));
#1123=PRESENTATION_STYLE_ASSIGNMENT((#1191));
#1124=PRESENTATION_STYLE_ASSIGNMENT((#1192));
#1125=PRESENTATION_STYLE_ASSIGNMENT((#1193));
#1126=PRESENTATION_STYLE_ASSIGNMENT((#1194));
#1127=PRESENTATION_STYLE_ASSIGNMENT((#1195));
#1128=PRESENTATION_STYLE_ASSIGNMENT((#1196));
#1129=PRESENTATION_STYLE_ASSIGNMENT((#1197));
#1130=PRESENTATION_STYLE_ASSIGNMENT((#1198));
#1131=PRESENTATION_STYLE_ASSIGNMENT((#1199));
#1132=PRESENTATION_STYLE_ASSIGNMENT((#1200));
#1133=PRESENTATION_STYLE_ASSIGNMENT((#1201));
#1134=PRESENTATION_STYLE_ASSIGNMENT((#1202));
#1135=PRESENTATION_STYLE_ASSIGNMENT((#1203));
#1136=PRESENTATION_STYLE_ASSIGNMENT((#1204));
#1137=PRESENTATION_STYLE_ASSIGNMENT((#1205));
#1138=PRESENTATION_STYLE_ASSIGNMENT((#1206));
#1139=PRESENTATION_STYLE_ASSIGNMENT((#1207));
#1140=PRESENTATION_STYLE_ASSIGNMENT((#1208));
#1141=PRESENTATION_STYLE_ASSIGNMENT((#1209));
#1142=PRESENTATION_STYLE_ASSIGNMENT((#1210));
#1143=PRESENTATION_STYLE_ASSIGNMENT((#1211));
#1144=PRESENTATION_STYLE_ASSIGNMENT((#1212));
#1145=PRESENTATION_STYLE_ASSIGNMENT((#1213));
#1146=PRESENTATION_STYLE_ASSIGNMENT((#1214));
#1147=PRESENTATION_STYLE_ASSIGNMENT((#1215));
#1148=PRESENTATION_STYLE_ASSIGNMENT((#1216));
#1149=PRESENTATION_STYLE_ASSIGNMENT((#1217));
#1150=PRESENTATION_STYLE_ASSIGNMENT((#1218));
#1151=PRESENTATION_STYLE_ASSIGNMENT((#1219));
#1152=PRESENTATION_STYLE_ASSIGNMENT((#1220));
#1153=PRESENTATION_STYLE_ASSIGNMENT((#1221));
#1154=SURFACE_STYLE_USAGE(.BOTH.,#1222);
#1155=SURFACE_STYLE_USAGE(.BOTH.,#1223);
#1156=SURFACE_STYLE_USAGE(.BOTH.,#1224);
#1157=SURFACE_STYLE_USAGE(.BOTH.,#1225);
#1158=SURFACE_STYLE_USAGE(.BOTH.,#1226);
#1159=SURFACE_STYLE_USAGE(.BOTH.,#1227);
#1160=SURFACE_STYLE_USAGE(.BOTH.,#1228);
#1161=SURFACE_STYLE_USAGE(.BOTH.,#1229);
#1162=SURFACE_STYLE_USAGE(.BOTH.,#1230);
#1163=SURFACE_STYLE_USAGE(.BOTH.,#1231);
#1164=SURFACE_STYLE_USAGE(.BOTH.,#1232);
#1165=SURFACE_STYLE_USAGE(.BOTH.,#1233);
#1166=SURFACE_STYLE_USAGE(.BOTH.,#1234);
#1167=SURFACE_STYLE_USAGE(.BOTH.,#1235);
#1168=SURFACE_STYLE_USAGE(.BOTH.,#1236);
#1169=SURFACE_STYLE_USAGE(.BOTH.,#1237);
#1170=SURFACE_STYLE_USAGE(.BOTH.,#1238);
#1171=SURFACE_STYLE_USAGE(.BOTH.,#1239);
#1172=SURFACE_STYLE_USAGE(.BOTH.,#1240);
#1173=SURFACE_STYLE_USAGE(.BOTH.,#1241);
#1174=SURFACE_STYLE_USAGE(.BOTH.,#1242);
#1175=SURFACE_STYLE_USAGE(.BOTH.,#1243);
#1176=SURFACE_STYLE_USAGE(.BOTH.,#1244);
#1177=SURFACE_STYLE_USAGE(.BOTH.,#1245);
#1178=SURFACE_STYLE_USAGE(.BOTH.,#1246);
#1179=SURFACE_STYLE_USAGE(.BOTH.,#1247);
#1180=SURFACE_STYLE_USAGE(.BOTH.,#1248);
#1181=SURFACE_STYLE_USAGE(.BOTH.,#1249);
#1182=SURFACE_STYLE_USAGE(.BOTH.,#1250);
#1183=SURFACE_STYLE_USAGE(.BOTH.,#1251);
#1184=SURFACE_STYLE_USAGE(.BOTH.,#1252);
#1185=SURFACE_STYLE_USAGE(.BOTH.,#1253);
#1186=SURFACE_STYLE_USAGE(.BOTH.,#1254);
#1187=SURFACE_STYLE_USAGE(.BOTH.,#1255);
#1188=SURFACE_STYLE_USAGE(.BOTH.,#1256);
#1189=SURFACE_STYLE_USAGE(.BOTH.,#1257);
#1190=SURFACE_STYLE_USAGE(.BOTH.,#1258);
#1191=SURFACE_STYLE_USAGE(.BOTH.,#1259);
#1192=SURFACE_STYLE_USAGE(.BOTH.,#1260);
#1193=SURFACE_STYLE_USAGE(.BOTH.,#1261);
#1194=SURFACE_STYLE_USAGE(.BOTH.,#1262);
#1195=SURFACE_STYLE_USAGE(.BOTH.,#1263);
#1196=SURFACE_STYLE_USAGE(.BOTH.,#1264);
#1197=SURFACE_STYLE_USAGE(.BOTH.,#1265);
#1198=SURFACE_STYLE_USAGE(.BOTH.,#1266);
#1199=SURFACE_STYLE_USAGE(.BOTH.,#1267);
#1200=SURFACE_STYLE_USAGE(.BOTH.,#1268);
#1201=SURFACE_STYLE_USAGE(.BOTH.,#1269);
#1202=SURFACE_STYLE_USAGE(.BOTH.,#1270);
#1203=SURFACE_STYLE_USAGE(.BOTH.,#1271);
#1204=SURFACE_STYLE_USAGE(.BOTH.,#1272);
#1205=SURFACE_STYLE_USAGE(.BOTH.,#1273);
#1206=SURFACE_STYLE_USAGE(.BOTH.,#1274);
#1207=SURFACE_STYLE_USAGE(.BOTH.,#1275);
#1208=SURFACE_STYLE_USAGE(.BOTH.,#1276);
#1209=SURFACE_STYLE_USAGE(.BOTH.,#1277);
#1210=SURFACE_STYLE_USAGE(.BOTH.,#1278);
#1211=SURFACE_STYLE_USAGE(.BOTH.,#1279);
#1212=SURFACE_STYLE_USAGE(.BOTH.,#1280);
#1213=SURFACE_STYLE_USAGE(.BOTH.,#1281);
#1214=SURFACE_STYLE_USAGE(.BOTH.,#1282);
#1215=SURFACE_STYLE_USAGE(.BOTH.,#1283);
#1216=SURFACE_STYLE_USAGE(.BOTH.,#1284);
#1217=SURFACE_STYLE_USAGE(.BOTH.,#1285);
#1218=SURFACE_STYLE_USAGE(.BOTH.,#1286);
#1219=SURFACE_STYLE_USAGE(.BOTH.,#1287);
#1220=SURFACE_STYLE_USAGE(.BOTH.,#1288);
#1221=SURFACE_STYLE_USAGE(.BOTH.,#1289);
#1222=SURFACE_SIDE_STYLE('',(#1290));
#1223=SURFACE_SIDE_STYLE('',(#1291));
#1224=SURFACE_SIDE_STYLE('',(#1292));
#1225=SURFACE_SIDE_STYLE('',(#1293));
#1226=SURFACE_SIDE_STYLE('',(#1294));
#1227=SURFACE_SIDE_STYLE('',(#1295));
#1228=SURFACE_SIDE_STYLE('',(#1296));
#1229=SURFACE_SIDE_STYLE('',(#1297));
#1230=SURFACE_SIDE_STYLE('',(#1298));
#1231=SURFACE_SIDE_STYLE('',(#1299));
#1232=SURFACE_SIDE_STYLE('',(#1300));
#1233=SURFACE_SIDE_STYLE('',(#1301));
#1234=SURFACE_SIDE_STYLE('',(#1302));
#1235=SURFACE_SIDE_STYLE('',(#1303));
#1236=SURFACE_SIDE_STYLE('',(#1304));
#1237=SURFACE_SIDE_STYLE('',(#1305));
#1238=SURFACE_SIDE_STYLE('',(#1306));
#1239=SURFACE_SIDE_STYLE('',(#1307));
#1240=SURFACE_SIDE_STYLE('',(#1308));
#1241=SURFACE_SIDE_STYLE('',(#1309));
#1242=SURFACE_SIDE_STYLE('',(#1310));
#1243=SURFACE_SIDE_STYLE('',(#1311));
#1244=SURFACE_SIDE_STYLE('',(#1312));
#1245=SURFACE_SIDE_STYLE('',(#1313));
#1246=SURFACE_SIDE_STYLE('',(#1314));
#1247=SURFACE_SIDE_STYLE('',(#1315));
#1248=SURFACE_SIDE_STYLE('',(#1316));
#1249=SURFACE_SIDE_STYLE('',(#1317));
#1250=SURFACE_SIDE_STYLE('',(#1318));
#1251=SURFACE_SIDE_STYLE('',(#1319));
#1252=SURFACE_SIDE_STYLE('',(#1320));
#1253=SURFACE_SIDE_STYLE('',(#1321));
#1254=SURFACE_SIDE_STYLE('',(#1322));
#1255=SURFACE_SIDE_STYLE('',(#1323));
#1256=SURFACE_SIDE_STYLE('',(#1324));
#1257=SURFACE_SIDE_STYLE('',(#1325));
#1258=SURFACE_SIDE_STYLE('',(#1326));
#1259=SURFACE_SIDE_STYLE('',(#1327));
#1260=SURFACE_SIDE_STYLE('',(#1328));
#1261=SURFACE_SIDE_STYLE('',(#1329));
#1262=SURFACE_SIDE_STYLE('',(#1330));
#1263=SURFACE_SIDE_STYLE('',(#1331));
#1264=SURFACE_SIDE_STYLE('',(#1332));
#1265=SURFACE_SIDE_STYLE('',(#1333));
#1266=SURFACE_SIDE_STYLE('',(#1334));
#1267=SURFACE_SIDE_STYLE('',(#1335));
#1268=SURFACE_SIDE_STYLE('',(#1336));
#1269=SURFACE_SIDE_STYLE('',(#1337));
#1270=SURFACE_SIDE_STYLE('',(#1338));
#1271=SURFACE_SIDE_STYLE('',(#1339));
#1272=SURFACE_SIDE_STYLE('',(#1340));
#1273=SURFACE_SIDE_STYLE('',(#1341));
#1274=SURFACE_SIDE_STYLE('',(#1342));
#1275=SURFACE_SIDE_STYLE('',(#1343));
#1276=SURFACE_SIDE_STYLE('',(#1344));
#1277=SURFACE_SIDE_STYLE('',(#1345));
#1278=SURFACE_SIDE_STYLE('',(#1346));
#1279=SURFACE_SIDE_STYLE('',(#1347));
#1280=SURFACE_SIDE_STYLE('',(#1348));
#1281=SURFACE_SIDE_STYLE('',(#1349));
#1282=SURFACE_SIDE_STYLE('',(#1350));
#1283=SURFACE_SIDE_STYLE('',(#1351));
#1284=SURFACE_SIDE_STYLE('',(#1352));
#1285=SURFACE_SIDE_STYLE('',(#1353));
#1286=SURFACE_SIDE_STYLE('',(#1354));
#1287=SURFACE_SIDE_STYLE('',(#1355));
#1288=SURFACE_SIDE_STYLE('',(#1356));
#1289=SURFACE_SIDE_STYLE('',(#1357));
#1290=SURFACE_STYLE_FILL_AREA(#1358);
#1291=SURFACE_STYLE_FILL_AREA(#1359);
#1292=SURFACE_STYLE_FILL_AREA(#1360);
#1293=SURFACE_STYLE_FILL_AREA(#1361);
#1294=SURFACE_STYLE_FILL_AREA(#1362);
#1295=SURFACE_STYLE_FILL_AREA(#1363);
#1296=SURFACE_STYLE_FILL_AREA(#1364);
#1297=SURFACE_STYLE_FILL_AREA(#1365);
#1298=SURFACE_STYLE_FILL_AREA(#1366);
#1299=SURFACE_STYLE_FILL_AREA(#1367);
#1300=SURFACE_STYLE_FILL_AREA(#1368);
#1301=SURFACE_STYLE_FILL_AREA(#1369);
#1302=SURFACE_STYLE_FILL_AREA(#1370);
#1303=SURFACE_STYLE_FILL_AREA(#1371);
#1304=SURFACE_STYLE_FILL_AREA(#1372);
#1305=SURFACE_STYLE_FILL_AREA(#1373);
#1306=SURFACE_STYLE_FILL_AREA(#1374);
#1307=SURFACE_STYLE_FILL_AREA(#1375);
#1308=SURFACE_STYLE_FILL_AREA(#1376);
#1309=SURFACE_STYLE_FILL_AREA(#1377);
#1310=SURFACE_STYLE_FILL_AREA(#1378);
#1311=SURFACE_STYLE_FILL_AREA(#1379);
#1312=SURFACE_STYLE_FILL_AREA(#1380);
#1313=SURFACE_STYLE_FILL_AREA(#1381);
#1314=SURFACE_STYLE_FILL_AREA(#1382);
#1315=SURFACE_STYLE_FILL_AREA(#1383);
#1316=SURFACE_STYLE_FILL_AREA(#1384);
#1317=SURFACE_STYLE_FILL_AREA(#1385);
#1318=SURFACE_STYLE_FILL_AREA(#1386);
#1319=SURFACE_STYLE_FILL_AREA(#1387);
#1320=SURFACE_STYLE_FILL_AREA(#1388);
#1321=SURFACE_STYLE_FILL_AREA(#1389);
#1322=SURFACE_STYLE_FILL_AREA(#1390);
#1323=SURFACE_STYLE_FILL_AREA(#1391);
#1324=SURFACE_STYLE_FILL_AREA(#1392);
#1325=SURFACE_STYLE_FILL_AREA(#1393);
#1326=SURFACE_STYLE_FILL_AREA(#1394);
#1327=SURFACE_STYLE_FILL_AREA(#1395);
#1328=SURFACE_STYLE_FILL_AREA(#1396);
#1329=SURFACE_STYLE_FILL_AREA(#1397);
#1330=SURFACE_STYLE_FILL_AREA(#1398);
#1331=SURFACE_STYLE_FILL_AREA(#1399);
#1332=SURFACE_STYLE_FILL_AREA(#1400);
#1333=SURFACE_STYLE_FILL_AREA(#1401);
#1334=SURFACE_STYLE_FILL_AREA(#1402);
#1335=SURFACE_STYLE_FILL_AREA(#1403);
#1336=SURFACE_STYLE_FILL_AREA(#1404);
#1337=SURFACE_STYLE_FILL_AREA(#1405);
#1338=SURFACE_STYLE_FILL_AREA(#1406);
#1339=SURFACE_STYLE_FILL_AREA(#1407);
#1340=SURFACE_STYLE_FILL_AREA(#1408);
#1341=SURFACE_STYLE_FILL_AREA(#1409);
#1342=SURFACE_STYLE_FILL_AREA(#1410);
#1343=SURFACE_STYLE_FILL_AREA(#1411);
#1344=SURFACE_STYLE_FILL_AREA(#1412);
#1345=SURFACE_STYLE_FILL_AREA(#1413);
#1346=SURFACE_STYLE_FILL_AREA(#1414);
#1347=SURFACE_STYLE_FILL_AREA(#1415);
#1348=SURFACE_STYLE_FILL_AREA(#1416);
#1349=SURFACE_STYLE_FILL_AREA(#1417);
#1350=SURFACE_STYLE_FILL_AREA(#1418);
#1351=SURFACE_STYLE_FILL_AREA(#1419);
#1352=SURFACE_STYLE_FILL_AREA(#1420);
#1353=SURFACE_STYLE_FILL_AREA(#1421);
#1354=SURFACE_STYLE_FILL_AREA(#1422);
#1355=SURFACE_STYLE_FILL_AREA(#1423);
#1356=SURFACE_STYLE_FILL_AREA(#1424);
#1357=SURFACE_STYLE_FILL_AREA(#1425);
#1358=FILL_AREA_STYLE('',(#1426));
#1359=FILL_AREA_STYLE('',(#1427));
#1360=FILL_AREA_STYLE('',(#1428));
#1361=FILL_AREA_STYLE('',(#1429));
#1362=FILL_AREA_STYLE('',(#1430));
#1363=FILL_AREA_STYLE('',(#1431));
#1364=FILL_AREA_STYLE('',(#1432));
#1365=FILL_AREA_STYLE('',(#1433));
#1366=FILL_AREA_STYLE('',(#1434));
#1367=FILL_AREA_STYLE('',(#1435));
#1368=FILL_AREA_STYLE('',(#1436));
#1369=FILL_AREA_STYLE('',(#1437));
#1370=FILL_AREA_STYLE('',(#1438));
#1371=FILL_AREA_STYLE('',(#1439));
#1372=FILL_AREA_STYLE('',(#1440));
#1373=FILL_AREA_STYLE('',(#1441));
#1374=FILL_AREA_STYLE('',(#1442));
#1375=FILL_AREA_STYLE('',(#1443));
#1376=FILL_AREA_STYLE('',(#1444));
#1377=FILL_AREA_STYLE('',(#1445));
#1378=FILL_AREA_STYLE('',(#1446));
#1379=FILL_AREA_STYLE('',(#1447));
#1380=FILL_AREA_STYLE('',(#1448));
#1381=FILL_AREA_STYLE('',(#1449));
#1382=FILL_AREA_STYLE('',(#1450));
#1383=FILL_AREA_STYLE('',(#1451));
#1384=FILL_AREA_STYLE('',(#1452));
#1385=FILL_AREA_STYLE('',(#1453));
#1386=FILL_AREA_STYLE('',(#1454));
#1387=FILL_AREA_STYLE('',(#1455));
#1388=FILL_AREA_STYLE('',(#1456));
#1389=FILL_AREA_STYLE('',(#1457));
#1390=FILL_AREA_STYLE('',(#1458));
#1391=FILL_AREA_STYLE('',(#1459));
#1392=FILL_AREA_STYLE('',(#1460));
#1393=FILL_AREA_STYLE('',(#1461));
#1394=FILL_AREA_STYLE('',(#1462));
#1395=FILL_AREA_STYLE('',(#1463));
#1396=FILL_AREA_STYLE('',(#1464));
#1397=FILL_AREA_STYLE('',(#1465));
#1398=FILL_AREA_STYLE('',(#1466));
#1399=FILL_AREA_STYLE('',(#1467));
#1400=FILL_AREA_STYLE('',(#1468));
#1401=FILL_AREA_STYLE('',(#1469));
#1402=FILL_AREA_STYLE('',(#1470));
#1403=FILL_AREA_STYLE('',(#1471));
#1404=FILL_AREA_STYLE('',(#1472));
#1405=FILL_AREA_STYLE('',(#1473));
#1406=FILL_AREA_STYLE('',(#1474));
#1407=FILL_AREA_STYLE('',(#1475));
#1408=FILL_AREA_STYLE('',(#1476));
#1409=FILL_AREA_STYLE('',(#1477));
#1410=FILL_AREA_STYLE('',(#1478));
#1411=FILL_AREA_STYLE('',(#1479));
#1412=FILL_AREA_STYLE('',(#1480));
#1413=FILL_AREA_STYLE('',(#1481));
#1414=FILL_AREA_STYLE('',(#1482));
#1415=FILL_AREA_STYLE('',(#1483));
#1416=FILL_AREA_STYLE('',(#1484));
#1417=FILL_AREA_STYLE('',(#1485));
#1418=FILL_AREA_STYLE('',(#1486));
#1419=FILL_AREA_STYLE('',(#1487));
#1420=FILL_AREA_STYLE('',(#1488));
#1421=FILL_AREA_STYLE('',(#1489));
#1422=FILL_AREA_STYLE('',(#1490));
#1423=FILL_AREA_STYLE('',(#1491));
#1424=FILL_AREA_STYLE('',(#1492));
#1425=FILL_AREA_STYLE('',(#1493));
#1426=FILL_AREA_STYLE_COLOUR('',#1494);
#1427=FILL_AREA_STYLE_COLOUR('',#1494);
#1428=FILL_AREA_STYLE_COLOUR('',#1494);
#1429=FILL_AREA_STYLE_COLOUR('',#1494);
#1430=FILL_AREA_STYLE_COLOUR('',#1494);
#1431=FILL_AREA_STYLE_COLOUR('',#1494);
#1432=FILL_AREA_STYLE_COLOUR('',#1495);
#1433=FILL_AREA_STYLE_COLOUR('',#1495);
#1434=FILL_AREA_STYLE_COLOUR('',#1495);
#1435=FILL_AREA_STYLE_COLOUR('',#1495);
#1436=FILL_AREA_STYLE_COLOUR('',#1495);
#1437=FILL_AREA_STYLE_COLOUR('',#1495);
#1438=FILL_AREA_STYLE_COLOUR('',#1494);
#1439=FILL_AREA_STYLE_COLOUR('',#1494);
#1440=FILL_AREA_STYLE_COLOUR('',#1494);
#1441=FILL_AREA_STYLE_COLOUR('',#1494);
#1442=FILL_AREA_STYLE_COLOUR('',#1496);
#1443=FILL_AREA_STYLE_COLOUR('',#1496);
#1444=FILL_AREA_STYLE_COLOUR('',#1496);
#1445=FILL_AREA_STYLE_COLOUR('',#1496);
#1446=FILL_AREA_STYLE_COLOUR('',#1496);
#1447=FILL_AREA_STYLE_COLOUR('',#1496);
#1448=FILL_AREA_STYLE_COLOUR('',#1496);
#1449=FILL_AREA_STYLE_COLOUR('',#1496);
#1450=FILL_AREA_STYLE_COLOUR('',#1496);
#1451=FILL_AREA_STYLE_COLOUR('',#1496);
#1452=FILL_AREA_STYLE_COLOUR('',#1496);
#1453=FILL_AREA_STYLE_COLOUR('',#1496);
#1454=FILL_AREA_STYLE_COLOUR('',#1496);
#1455=FILL_AREA_STYLE_COLOUR('',#1496);
#1456=FILL_AREA_STYLE_COLOUR('',#1496);
#1457=FILL_AREA_STYLE_COLOUR('',#1496);
#1458=FILL_AREA_STYLE_COLOUR('',#1496);
#1459=FILL_AREA_STYLE_COLOUR('',#1496);
#1460=FILL_AREA_STYLE_COLOUR('',#1496);
#1461=FILL_AREA_STYLE_COLOUR('',#1496);
#1462=FILL_AREA_STYLE_COLOUR('',#1496);
#1463=FILL_AREA_STYLE_COLOUR('',#1496);
#1464=FILL_AREA_STYLE_COLOUR('',#1494);
#1465=FILL_AREA_STYLE_COLOUR('',#1496);
#1466=FILL_AREA_STYLE_COLOUR('',#1496);
#1467=FILL_AREA_STYLE_COLOUR('',#1496);
#1468=FILL_AREA_STYLE_COLOUR('',#1496);
#1469=FILL_AREA_STYLE_COLOUR('',#1496);
#1470=FILL_AREA_STYLE_COLOUR('',#1496);
#1471=FILL_AREA_STYLE_COLOUR('',#1496);
#1472=FILL_AREA_STYLE_COLOUR('',#1496);
#1473=FILL_AREA_STYLE_COLOUR('',#1494);
#1474=FILL_AREA_STYLE_COLOUR('',#1496);
#1475=FILL_AREA_STYLE_COLOUR('',#1496);
#1476=FILL_AREA_STYLE_COLOUR('',#1496);
#1477=FILL_AREA_STYLE_COLOUR('',#1496);
#1478=FILL_AREA_STYLE_COLOUR('',#1496);
#1479=FILL_AREA_STYLE_COLOUR('',#1496);
#1480=FILL_AREA_STYLE_COLOUR('',#1496);
#1481=FILL_AREA_STYLE_COLOUR('',#1494);
#1482=FILL_AREA_STYLE_COLOUR('',#1494);
#1483=FILL_AREA_STYLE_COLOUR('',#1494);
#1484=FILL_AREA_STYLE_COLOUR('',#1494);
#1485=FILL_AREA_STYLE_COLOUR('',#1494);
#1486=FILL_AREA_STYLE_COLOUR('',#1494);
#1487=FILL_AREA_STYLE_COLOUR('',#1494);
#1488=FILL_AREA_STYLE_COLOUR('',#1494);
#1489=FILL_AREA_STYLE_COLOUR('',#1494);
#1490=FILL_AREA_STYLE_COLOUR('',#1494);
#1491=FILL_AREA_STYLE_COLOUR('',#1494);
#1492=FILL_AREA_STYLE_COLOUR('',#1494);
#1493=FILL_AREA_STYLE_COLOUR('',#1494);
#1494=COLOUR_RGB('',0.569999992847443,0.569999992847443,0.569999992847443);
#1495=COLOUR_RGB('',0.699999988079071,0.699999988079071,0.699999988079071);
#1496=COLOUR_RGB('',0.119999997317791,0.119999997317791,0.119999997317791);
#1497=ADVANCED_FACE('',(#892,#893,#894,#895,#896,#897,#898,#899),#976,.F.);
#1498=ADVANCED_FACE('',(#900,#901,#902),#977,.T.);
#1499=ADVANCED_FACE('',(#903),#978,.T.);
#1500=ADVANCED_FACE('',(#904),#979,.T.);
#1501=ADVANCED_FACE('',(#905),#980,.T.);
#1502=ADVANCED_FACE('',(#906),#981,.T.);
#1503=ADVANCED_FACE('',(#907),#982,.F.);
#1504=ADVANCED_FACE('',(#908),#983,.F.);
#1505=ADVANCED_FACE('',(#909),#984,.T.);
#1506=ADVANCED_FACE('',(#910),#985,.T.);
#1507=ADVANCED_FACE('',(#911),#986,.T.);
#1508=ADVANCED_FACE('',(#912),#987,.F.);
#1509=ADVANCED_FACE('',(#913),#33,.T.);
#1510=ADVANCED_FACE('',(#914),#34,.T.);
#1511=ADVANCED_FACE('',(#915),#35,.T.);
#1512=ADVANCED_FACE('',(#916),#36,.T.);
#1513=ADVANCED_FACE('',(#917,#918),#37,.F.);
#1514=ADVANCED_FACE('',(#919),#988,.F.);
#1515=ADVANCED_FACE('',(#920),#989,.T.);
#1516=ADVANCED_FACE('',(#921),#990,.T.);
#1517=ADVANCED_FACE('',(#922),#991,.T.);
#1518=ADVANCED_FACE('',(#923),#992,.T.);
#1519=ADVANCED_FACE('',(#924),#993,.T.);
#1520=ADVANCED_FACE('',(#925),#994,.T.);
#1521=ADVANCED_FACE('',(#926),#995,.T.);
#1522=ADVANCED_FACE('',(#927),#996,.T.);
#1523=ADVANCED_FACE('',(#928),#997,.T.);
#1524=ADVANCED_FACE('',(#929),#998,.T.);
#1525=ADVANCED_FACE('',(#930),#999,.T.);
#1526=ADVANCED_FACE('',(#931),#1000,.T.);
#1527=ADVANCED_FACE('',(#932),#24,.T.);
#1528=ADVANCED_FACE('',(#933),#1001,.T.);
#1529=ADVANCED_FACE('',(#934),#25,.T.);
#1530=ADVANCED_FACE('',(#935),#1002,.T.);
#1531=ADVANCED_FACE('',(#936),#1003,.F.);
#1532=ADVANCED_FACE('',(#937,#938),#26,.T.);
#1533=ADVANCED_FACE('',(#939,#940),#27,.T.);
#1534=ADVANCED_FACE('',(#941,#942),#1004,.T.);
#1535=ADVANCED_FACE('',(#943),#1005,.F.);
#1536=ADVANCED_FACE('',(#944),#1006,.T.);
#1537=ADVANCED_FACE('',(#945),#1007,.T.);
#1538=ADVANCED_FACE('',(#946),#28,.T.);
#1539=ADVANCED_FACE('',(#947),#1008,.T.);
#1540=ADVANCED_FACE('',(#948),#1009,.T.);
#1541=ADVANCED_FACE('',(#949,#950),#29,.T.);
#1542=ADVANCED_FACE('',(#951),#1010,.T.);
#1543=ADVANCED_FACE('',(#952,#953),#1011,.T.);
#1544=ADVANCED_FACE('',(#954),#1012,.F.);
#1545=ADVANCED_FACE('',(#955),#1013,.T.);
#1546=ADVANCED_FACE('',(#956),#30,.T.);
#1547=ADVANCED_FACE('',(#957),#1014,.T.);
#1548=ADVANCED_FACE('',(#958),#31,.T.);
#1549=ADVANCED_FACE('',(#959),#1015,.T.);
#1550=ADVANCED_FACE('',(#960),#32,.T.);
#1551=ADVANCED_FACE('',(#961,#962),#1016,.F.);
#1552=ADVANCED_FACE('',(#963),#1017,.F.);
#1553=ADVANCED_FACE('',(#964),#38,.T.);
#1554=ADVANCED_FACE('',(#965),#20,.T.);
#1555=ADVANCED_FACE('',(#966),#21,.T.);
#1556=ADVANCED_FACE('',(#967),#39,.T.);
#1557=ADVANCED_FACE('',(#968),#40,.T.);
#1558=ADVANCED_FACE('',(#969),#22,.T.);
#1559=ADVANCED_FACE('',(#970),#23,.T.);
#1560=ADVANCED_FACE('',(#971),#41,.T.);
#1561=ADVANCED_FACE('',(#972),#42,.T.);
#1562=ADVANCED_FACE('',(#973),#43,.T.);
#1563=ADVANCED_FACE('',(#974),#44,.T.);
#1564=ADVANCED_FACE('',(#975),#45,.T.);
#1565=CLOSED_SHELL('',(#1497,#1498,#1499,#1500,#1501,#1502,#1503,#1504,
#1505,#1506,#1507,#1508,#1509,#1510,#1511,#1512,#1513,#1514,#1515,#1516,
#1517,#1518,#1519,#1520,#1521,#1522,#1523,#1524,#1525,#1526,#1527,#1528,
#1529,#1530,#1531,#1532,#1533,#1534,#1535,#1536,#1537,#1538,#1539,#1540,
#1541,#1542,#1543,#1544,#1545,#1546,#1547,#1548,#1549,#1550,#1551,#1552,
#1553,#1554,#1555,#1556,#1557,#1558,#1559,#1560,#1561,#1562,#1563,#1564));
#1566=MANIFOLD_SOLID_BREP('',#1565);
#1567=SHAPE_DEFINITION_REPRESENTATION(#2835,#1568);
#1568=SHAPE_REPRESENTATION('74439387xxx',(#1569),#2830);
#1569=AXIS2_PLACEMENT_3D('',#1901,#1659,#1660);
#1570=AXIS2_PLACEMENT_3D('',#1902,#1661,#1662);
#1571=AXIS2_PLACEMENT_3D('',#1903,#1663,#1664);
#1572=AXIS2_PLACEMENT_3D('',#1908,#1666,#1667);
#1573=AXIS2_PLACEMENT_3D('',#1912,#1669,#1670);
#1574=AXIS2_PLACEMENT_3D('',#1916,#1672,#1673);
#1575=AXIS2_PLACEMENT_3D('',#2053,#1675,#1676);
#1576=AXIS2_PLACEMENT_3D('',#2140,#1677,#1678);
#1577=AXIS2_PLACEMENT_3D('',#2152,#1684,#1685);
#1578=AXIS2_PLACEMENT_3D('',#2156,#1687,#1688);
#1579=AXIS2_PLACEMENT_3D('',#2160,#1690,#1691);
#1580=AXIS2_PLACEMENT_3D('',#2164,#1693,#1694);
#1581=AXIS2_PLACEMENT_3D('',#2173,#1699,#1700);
#1582=AXIS2_PLACEMENT_3D('',#2179,#1704,#1705);
#1583=AXIS2_PLACEMENT_3D('',#2185,#1709,#1710);
#1584=AXIS2_PLACEMENT_3D('',#2191,#1714,#1715);
#1585=AXIS2_PLACEMENT_3D('',#2197,#1719,#1720);
#1586=AXIS2_PLACEMENT_3D('',#2198,#1721,#1722);
#1587=AXIS2_PLACEMENT_3D('',#2202,#1724,#1725);
#1588=AXIS2_PLACEMENT_3D('',#2203,#1726,#1727);
#1589=AXIS2_PLACEMENT_3D('',#2207,#1729,#1730);
#1590=AXIS2_PLACEMENT_3D('',#2208,#1731,#1732);
#1591=AXIS2_PLACEMENT_3D('',#2209,#1733,#1734);
#1592=AXIS2_PLACEMENT_3D('',#2212,#1737,#1738);
#1593=AXIS2_PLACEMENT_3D('',#2213,#1739,#1740);
#1594=AXIS2_PLACEMENT_3D('',#2217,#1742,#1743);
#1595=AXIS2_PLACEMENT_3D('',#2218,#1744,#1745);
#1596=AXIS2_PLACEMENT_3D('',#2222,#1747,#1748);
#1597=AXIS2_PLACEMENT_3D('',#2223,#1749,#1750);
#1598=AXIS2_PLACEMENT_3D('',#2224,#1751,#1752);
#1599=AXIS2_PLACEMENT_3D('',#2227,#1755,#1756);
#1600=AXIS2_PLACEMENT_3D('',#2228,#1757,#1758);
#1601=AXIS2_PLACEMENT_3D('',#2229,#1759,#1760);
#1602=AXIS2_PLACEMENT_3D('',#2230,#1761,#1762);
#1603=AXIS2_PLACEMENT_3D('',#2231,#1763,#1764);
#1604=AXIS2_PLACEMENT_3D('',#2232,#1765,#1766);
#1605=AXIS2_PLACEMENT_3D('',#2233,#1767,#1768);
#1606=AXIS2_PLACEMENT_3D('',#2234,#1769,#1770);
#1607=AXIS2_PLACEMENT_3D('',#2235,#1771,#1772);
#1608=AXIS2_PLACEMENT_3D('',#2236,#1773,#1774);
#1609=AXIS2_PLACEMENT_3D('',#2238,#1775,#1776);
#1610=AXIS2_PLACEMENT_3D('',#2239,#1777,#1778);
#1611=AXIS2_PLACEMENT_3D('',#2246,#1781,#1782);
#1612=AXIS2_PLACEMENT_3D('',#2251,#1784,#1785);
#1613=AXIS2_PLACEMENT_3D('',#2256,#1787,#1788);
#1614=AXIS2_PLACEMENT_3D('',#2261,#1790,#1791);
#1615=AXIS2_PLACEMENT_3D('',#2266,#1793,#1794);
#1616=AXIS2_PLACEMENT_3D('',#2269,#1795,#1796);
#1617=AXIS2_PLACEMENT_3D('',#2270,#1797,#1798);
#1618=AXIS2_PLACEMENT_3D('',#2277,#1801,#1802);
#1619=AXIS2_PLACEMENT_3D('',#2282,#1804,#1805);
#1620=AXIS2_PLACEMENT_3D('',#2287,#1807,#1808);
#1621=AXIS2_PLACEMENT_3D('',#2290,#1809,#1810);
#1622=AXIS2_PLACEMENT_3D('',#2343,#1813,#1814);
#1623=AXIS2_PLACEMENT_3D('',#2402,#1817,#1818);
#1624=AXIS2_PLACEMENT_3D('',#2407,#1819,#1820);
#1625=AXIS2_PLACEMENT_3D('',#2517,#1821,#1822);
#1626=AXIS2_PLACEMENT_3D('',#2518,#1823,#1824);
#1627=AXIS2_PLACEMENT_3D('',#2519,#1825,#1826);
#1628=AXIS2_PLACEMENT_3D('',#2528,#1829,#1830);
#1629=AXIS2_PLACEMENT_3D('',#2577,#1833,#1834);
#1630=AXIS2_PLACEMENT_3D('',#2584,#1836,#1837);
#1631=AXIS2_PLACEMENT_3D('',#2653,#1839,#1840);
#1632=AXIS2_PLACEMENT_3D('',#2658,#1841,#1842);
#1633=AXIS2_PLACEMENT_3D('',#2659,#1843,#1844);
#1634=AXIS2_PLACEMENT_3D('',#2660,#1845,#1846);
#1635=AXIS2_PLACEMENT_3D('',#2705,#1851,#1852);
#1636=AXIS2_PLACEMENT_3D('',#2766,#1855,#1856);
#1637=AXIS2_PLACEMENT_3D('',#2807,#1857,#1858);
#1638=AXIS2_PLACEMENT_3D('',#2808,#1859,#1860);
#1639=AXIS2_PLACEMENT_3D('',#2809,#1861,#1862);
#1640=AXIS2_PLACEMENT_3D('',#2810,#1863,#1864);
#1641=AXIS2_PLACEMENT_3D('',#2811,#1865,#1866);
#1642=AXIS2_PLACEMENT_3D('',#2812,#1867,#1868);
#1643=AXIS2_PLACEMENT_3D('',#2813,#1869,#1870);
#1644=AXIS2_PLACEMENT_3D('',#2814,#1871,#1872);
#1645=AXIS2_PLACEMENT_3D('',#2815,#1873,#1874);
#1646=AXIS2_PLACEMENT_3D('',#2816,#1875,#1876);
#1647=AXIS2_PLACEMENT_3D('',#2817,#1877,#1878);
#1648=AXIS2_PLACEMENT_3D('',#2818,#1879,#1880);
#1649=AXIS2_PLACEMENT_3D('',#2819,#1881,#1882);
#1650=AXIS2_PLACEMENT_3D('',#2820,#1883,#1884);
#1651=AXIS2_PLACEMENT_3D('',#2821,#1885,#1886);
#1652=AXIS2_PLACEMENT_3D('',#2822,#1887,#1888);
#1653=AXIS2_PLACEMENT_3D('',#2823,#1889,#1890);
#1654=AXIS2_PLACEMENT_3D('',#2824,#1891,#1892);
#1655=AXIS2_PLACEMENT_3D('',#2825,#1893,#1894);
#1656=AXIS2_PLACEMENT_3D('',#2826,#1895,#1896);
#1657=AXIS2_PLACEMENT_3D('',#2827,#1897,#1898);
#1658=AXIS2_PLACEMENT_3D('',#2828,#1899,#1900);
#1659=DIRECTION('',(0.,0.,1.));
#1660=DIRECTION('',(1.,0.,0.));
#1661=DIRECTION('',(0.,0.,-1.));
#1662=DIRECTION('',(-1.,0.,0.));
#1663=DIRECTION('',(0.,0.,-1.));
#1664=DIRECTION('',(-1.,0.,0.));
#1665=DIRECTION('',(1.,1.09792625061823E-16,0.));
#1666=DIRECTION('',(0.,0.,-1.));
#1667=DIRECTION('',(-1.,0.,0.));
#1668=DIRECTION('',(-1.14126544472158E-16,1.,0.));
#1669=DIRECTION('',(0.,0.,-1.));
#1670=DIRECTION('',(-1.,0.,0.));
#1671=DIRECTION('',(-1.,-1.09792625061823E-16,0.));
#1672=DIRECTION('',(0.,0.,-1.));
#1673=DIRECTION('',(-1.,0.,0.));
#1674=DIRECTION('',(1.14126544472158E-16,-1.,0.));
#1675=DIRECTION('',(0.,0.,-1.));
#1676=DIRECTION('',(1.,0.,0.));
#1677=DIRECTION('',(0.,0.,-1.));
#1678=DIRECTION('',(-1.,0.,0.));
#1679=DIRECTION('',(0.,-1.,0.));
#1680=DIRECTION('',(1.,0.,0.));
#1681=DIRECTION('',(0.,1.,0.));
#1682=DIRECTION('',(-1.,0.,0.));
#1683=DIRECTION('',(-1.14126544472158E-16,1.,0.));
#1684=DIRECTION('',(0.,0.,-1.));
#1685=DIRECTION('',(-1.,0.,0.));
#1686=DIRECTION('',(1.,1.09792625061823E-16,0.));
#1687=DIRECTION('',(0.,0.,-1.));
#1688=DIRECTION('',(-1.,0.,0.));
#1689=DIRECTION('',(1.14126544472158E-16,-1.,0.));
#1690=DIRECTION('',(0.,0.,-1.));
#1691=DIRECTION('',(-1.,0.,0.));
#1692=DIRECTION('',(-1.,-1.09792625061823E-16,0.));
#1693=DIRECTION('',(0.,0.,-1.));
#1694=DIRECTION('',(-1.,0.,0.));
#1695=DIRECTION('',(1.,0.,0.));
#1696=DIRECTION('',(0.,1.,0.));
#1697=DIRECTION('',(-1.,0.,0.));
#1698=DIRECTION('',(0.,-1.,0.));
#1699=DIRECTION('',(1.,1.14126544472158E-16,0.));
#1700=DIRECTION('',(-1.14126544472158E-16,1.,0.));
#1701=DIRECTION('',(0.,0.,-1.));
#1702=DIRECTION('',(1.14126544472158E-16,-1.,0.));
#1703=DIRECTION('',(0.,0.,-1.));
#1704=DIRECTION('',(1.09792625061823E-16,-1.,0.));
#1705=DIRECTION('',(1.,1.09792625061823E-16,0.));
#1706=DIRECTION('',(0.,0.,-1.));
#1707=DIRECTION('',(-1.,-1.09792625061823E-16,0.));
#1708=DIRECTION('',(0.,0.,-1.));
#1709=DIRECTION('',(-1.,-1.14126544472158E-16,0.));
#1710=DIRECTION('',(1.14126544472158E-16,-1.,0.));
#1711=DIRECTION('',(0.,0.,-1.));
#1712=DIRECTION('',(-1.14126544472158E-16,1.,0.));
#1713=DIRECTION('',(0.,0.,-1.));
#1714=DIRECTION('',(-1.09792625061823E-16,1.,0.));
#1715=DIRECTION('',(-1.,-1.09792625061823E-16,0.));
#1716=DIRECTION('',(0.,0.,-1.));
#1717=DIRECTION('',(1.,1.09792625061823E-16,0.));
#1718=DIRECTION('',(0.,0.,-1.));
#1719=DIRECTION('',(0.,-1.,0.));
#1720=DIRECTION('',(0.,0.,-1.));
#1721=DIRECTION('',(0.,-1.,0.));
#1722=DIRECTION('',(0.,0.,-1.));
#1723=DIRECTION('',(1.,0.,0.));
#1724=DIRECTION('',(0.,-1.,0.));
#1725=DIRECTION('',(0.,0.,-1.));
#1726=DIRECTION('',(0.,1.,0.));
#1727=DIRECTION('',(0.,0.,1.));
#1728=DIRECTION('',(-1.,0.,0.));
#1729=DIRECTION('',(0.,1.,0.));
#1730=DIRECTION('',(0.,0.,1.));
#1731=DIRECTION('',(0.,1.,0.));
#1732=DIRECTION('',(0.,0.,1.));
#1733=DIRECTION('',(0.,0.,-1.));
#1734=DIRECTION('',(-1.,0.,0.));
#1735=DIRECTION('',(0.,1.,0.));
#1736=DIRECTION('',(0.,-1.,0.));
#1737=DIRECTION('',(0.,-1.,0.));
#1738=DIRECTION('',(0.,0.,-1.));
#1739=DIRECTION('',(0.,-1.,0.));
#1740=DIRECTION('',(0.,0.,-1.));
#1741=DIRECTION('',(1.,0.,0.));
#1742=DIRECTION('',(0.,-1.,0.));
#1743=DIRECTION('',(0.,0.,-1.));
#1744=DIRECTION('',(0.,1.,0.));
#1745=DIRECTION('',(0.,0.,1.));
#1746=DIRECTION('',(-1.,0.,0.));
#1747=DIRECTION('',(0.,1.,0.));
#1748=DIRECTION('',(0.,0.,1.));
#1749=DIRECTION('',(0.,1.,0.));
#1750=DIRECTION('',(0.,0.,1.));
#1751=DIRECTION('',(0.,0.,1.));
#1752=DIRECTION('',(1.,0.,0.));
#1753=DIRECTION('',(0.,-1.,0.));
#1754=DIRECTION('',(0.,1.,0.));
#1755=DIRECTION('',(0.,0.,-1.));
#1756=DIRECTION('',(-1.,0.,0.));
#1757=DIRECTION('',(0.,0.,-1.));
#1758=DIRECTION('',(-1.,0.,0.));
#1759=DIRECTION('',(0.,0.,-1.));
#1760=DIRECTION('',(-1.,0.,0.));
#1761=DIRECTION('',(0.,0.,-1.));
#1762=DIRECTION('',(-1.,0.,0.));
#1763=DIRECTION('',(0.,0.,-1.));
#1764=DIRECTION('',(-1.,0.,0.));
#1765=DIRECTION('',(0.,0.,-1.));
#1766=DIRECTION('',(-1.,0.,0.));
#1767=DIRECTION('',(0.,0.,-1.));
#1768=DIRECTION('',(-1.,0.,0.));
#1769=DIRECTION('',(0.,0.,-1.));
#1770=DIRECTION('',(-1.,0.,0.));
#1771=DIRECTION('',(0.,0.,1.));
#1772=DIRECTION('',(1.,0.,0.));
#1773=DIRECTION('',(0.,0.,-1.));
#1774=DIRECTION('',(1.,0.,0.));
#1775=DIRECTION('',(0.,0.,-1.));
#1776=DIRECTION('',(-1.,0.,0.));
#1777=DIRECTION('',(0.,1.,0.));
#1778=DIRECTION('',(0.,0.,1.));
#1779=DIRECTION('',(0.,0.,1.));
#1780=DIRECTION('',(0.,0.,1.));
#1781=DIRECTION('',(1.,0.,0.));
#1782=DIRECTION('',(0.,0.,-1.));
#1783=DIRECTION('',(0.,0.,1.));
#1784=DIRECTION('',(0.,-1.,0.));
#1785=DIRECTION('',(0.,0.,-1.));
#1786=DIRECTION('',(0.,0.,1.));
#1787=DIRECTION('',(-1.,0.,0.));
#1788=DIRECTION('',(0.,0.,1.));
#1789=DIRECTION('',(0.,0.,1.));
#1790=DIRECTION('',(0.,-1.,0.));
#1791=DIRECTION('',(0.,0.,-1.));
#1792=DIRECTION('',(0.,0.,1.));
#1793=DIRECTION('',(-1.,0.,0.));
#1794=DIRECTION('',(0.,0.,1.));
#1795=DIRECTION('',(0.,0.,1.));
#1796=DIRECTION('',(1.,0.,0.));
#1797=DIRECTION('',(0.,1.,0.));
#1798=DIRECTION('',(0.,0.,1.));
#1799=DIRECTION('',(0.,0.,1.));
#1800=DIRECTION('',(0.,0.,1.));
#1801=DIRECTION('',(1.,0.,0.));
#1802=DIRECTION('',(0.,0.,-1.));
#1803=DIRECTION('',(0.,0.,1.));
#1804=DIRECTION('',(0.,-1.,0.));
#1805=DIRECTION('',(0.,0.,-1.));
#1806=DIRECTION('',(0.,0.,1.));
#1807=DIRECTION('',(-1.,0.,0.));
#1808=DIRECTION('',(0.,0.,1.));
#1809=DIRECTION('',(0.,0.,1.));
#1810=DIRECTION('',(1.,0.,0.));
#1811=DIRECTION('',(0.,0.,1.));
#1812=DIRECTION('',(0.,0.,1.));
#1813=DIRECTION('',(-0.247092907252397,-0.968991793146649,0.));
#1814=DIRECTION('',(0.968991793146649,-0.247092907252397,0.));
#1815=DIRECTION('',(0.,0.,1.));
#1816=DIRECTION('',(0.,0.,1.));
#1817=DIRECTION('',(-0.227385877314751,0.973804735456652,0.));
#1818=DIRECTION('',(-0.973804735456653,-0.227385877314751,0.));
#1819=DIRECTION('',(0.,0.,-1.));
#1820=DIRECTION('',(-1.,0.,0.));
#1821=DIRECTION('',(0.,0.,1.));
#1822=DIRECTION('',(1.,0.,0.));
#1823=DIRECTION('',(0.,0.,-1.));
#1824=DIRECTION('',(-1.,0.,0.));
#1825=DIRECTION('',(0.,1.,0.));
#1826=DIRECTION('',(0.,0.,1.));
#1827=DIRECTION('',(0.,0.,1.));
#1828=DIRECTION('',(0.,0.,1.));
#1829=DIRECTION('',(1.,0.,0.));
#1830=DIRECTION('',(0.,0.,-1.));
#1831=DIRECTION('',(0.,0.,1.));
#1832=DIRECTION('',(0.,0.,1.));
#1833=DIRECTION('',(1.,0.,0.));
#1834=DIRECTION('',(0.,0.,-1.));
#1835=DIRECTION('',(0.,0.,1.));
#1836=DIRECTION('',(0.,-1.,0.));
#1837=DIRECTION('',(0.,0.,-1.));
#1838=DIRECTION('',(0.,0.,1.));
#1839=DIRECTION('',(-1.,0.,0.));
#1840=DIRECTION('',(0.,0.,1.));
#1841=DIRECTION('',(0.,0.,1.));
#1842=DIRECTION('',(1.,0.,0.));
#1843=DIRECTION('',(0.,0.,-1.));
#1844=DIRECTION('',(-1.,0.,0.));
#1845=DIRECTION('',(0.,-1.,0.));
#1846=DIRECTION('',(0.,0.,-1.));
#1847=DIRECTION('',(0.,0.,1.));
#1848=DIRECTION('',(0.,0.,1.));
#1849=DIRECTION('',(0.,0.,1.));
#1850=DIRECTION('',(0.,0.,1.));
#1851=DIRECTION('',(-0.124674063011312,-0.992197751465025,0.));
#1852=DIRECTION('',(0.992197751465025,-0.124674063011312,0.));
#1853=DIRECTION('',(0.,0.,1.));
#1854=DIRECTION('',(0.,0.,1.));
#1855=DIRECTION('',(0.,1.,0.));
#1856=DIRECTION('',(0.,0.,1.));
#1857=DIRECTION('',(0.,0.,-1.));
#1858=DIRECTION('',(-1.,0.,0.));
#1859=DIRECTION('',(0.,0.,-1.));
#1860=DIRECTION('',(-1.,0.,0.));
#1861=DIRECTION('',(1.,1.09792625061823E-16,0.));
#1862=DIRECTION('',(-1.09792625061823E-16,1.,0.));
#1863=DIRECTION('',(1.,0.,0.));
#1864=DIRECTION('',(0.,0.,-1.));
#1865=DIRECTION('',(-1.,0.,0.));
#1866=DIRECTION('',(0.,0.,1.));
#1867=DIRECTION('',(0.,0.,-1.));
#1868=DIRECTION('',(-1.,0.,0.));
#1869=DIRECTION('',(0.,1.,0.));
#1870=DIRECTION('',(0.,0.,1.));
#1871=DIRECTION('',(0.,0.,-1.));
#1872=DIRECTION('',(-1.,0.,0.));
#1873=DIRECTION('',(0.,1.,0.));
#1874=DIRECTION('',(0.,0.,1.));
#1875=DIRECTION('',(1.14126544472158E-16,-1.,0.));
#1876=DIRECTION('',(1.,1.14126544472158E-16,0.));
#1877=DIRECTION('',(0.,1.,0.));
#1878=DIRECTION('',(0.,0.,1.));
#1879=DIRECTION('',(-1.14126544472158E-16,1.,0.));
#1880=DIRECTION('',(-1.,-1.14126544472158E-16,0.));
#1881=DIRECTION('',(0.,1.,0.));
#1882=DIRECTION('',(0.,0.,1.));
#1883=DIRECTION('',(0.,0.,-1.));
#1884=DIRECTION('',(-1.,0.,0.));
#1885=DIRECTION('',(1.,0.,0.));
#1886=DIRECTION('',(0.,0.,-1.));
#1887=DIRECTION('',(0.,0.,-1.));
#1888=DIRECTION('',(-1.,0.,0.));
#1889=DIRECTION('',(-1.,0.,0.));
#1890=DIRECTION('',(0.,0.,1.));
#1891=DIRECTION('',(-1.,-1.09792625061823E-16,0.));
#1892=DIRECTION('',(1.09792625061823E-16,-1.,0.));
#1893=DIRECTION('',(0.,1.,0.));
#1894=DIRECTION('',(0.,0.,1.));
#1895=DIRECTION('',(0.,1.,0.));
#1896=DIRECTION('',(0.,0.,1.));
#1897=DIRECTION('',(0.,-1.,0.));
#1898=DIRECTION('',(0.,0.,-1.));
#1899=DIRECTION('',(0.,-1.,0.));
#1900=DIRECTION('',(0.,0.,-1.));
#1901=CARTESIAN_POINT('',(0.,0.,0.));
#1902=CARTESIAN_POINT('',(0.,0.,7.09));
#1903=CARTESIAN_POINT('',(3.75,3.6,7.09));
#1904=CARTESIAN_POINT('',(3.85,3.6,7.09));
#1905=CARTESIAN_POINT('',(3.75,3.7,7.09));
#1906=CARTESIAN_POINT('',(-3.75,3.7,7.09));
#1907=CARTESIAN_POINT('',(-3.75,3.7,7.09));
#1908=CARTESIAN_POINT('',(-3.75,3.6,7.09));
#1909=CARTESIAN_POINT('',(-3.85,3.6,7.09));
#1910=CARTESIAN_POINT('',(-3.85,-3.6,7.09));
#1911=CARTESIAN_POINT('',(-3.85,-3.6,7.09));
#1912=CARTESIAN_POINT('',(-3.75,-3.6,7.09));
#1913=CARTESIAN_POINT('',(-3.75,-3.7,7.09));
#1914=CARTESIAN_POINT('',(3.75,-3.7,7.09));
#1915=CARTESIAN_POINT('',(3.75,-3.7,7.09));
#1916=CARTESIAN_POINT('',(3.75,-3.6,7.09));
#1917=CARTESIAN_POINT('',(3.85,-3.6,7.09));
#1918=CARTESIAN_POINT('',(3.85,3.6,7.09));
#1919=CARTESIAN_POINT('',(1.18392282958199,-0.359163987138264,7.09));
#1920=CARTESIAN_POINT('',(1.14726688102894,-0.359163987138264,7.09));
#1921=CARTESIAN_POINT('',(1.11061093247588,-0.359163987138264,7.09));
#1922=CARTESIAN_POINT('',(1.07395498392283,-0.359163987138264,7.09));
#1923=CARTESIAN_POINT('',(1.18392282958199,-0.359163987138264,7.09));
#1924=CARTESIAN_POINT('',(1.07395498392283,-0.359163987138264,7.09));
#1925=CARTESIAN_POINT('',(1.07395498392283,-0.359163987138264,7.09));
#1926=CARTESIAN_POINT('',(1.07395498392283,-0.329796355841372,7.09));
#1927=CARTESIAN_POINT('',(1.07395498392283,-0.30042872454448,7.09));
#1928=CARTESIAN_POINT('',(1.07395498392283,-0.271061093247588,7.09));
#1929=CARTESIAN_POINT('',(1.07395498392283,-0.271061093247588,7.09));
#1930=CARTESIAN_POINT('',(1.07395498392283,-0.271061093247588,7.09));
#1931=CARTESIAN_POINT('',(1.02958199356913,-0.339871382636656,7.09));
#1932=CARTESIAN_POINT('',(0.963987138263666,-0.37459807073955,7.09));
#1933=CARTESIAN_POINT('',(0.821221864951769,-0.37459807073955,7.09));
#1934=CARTESIAN_POINT('',(0.769774919614149,-0.359163987138264,7.09));
#1935=CARTESIAN_POINT('',(0.72282958199357,-0.328295819935691,7.09));
#1936=CARTESIAN_POINT('',(0.676179459387505,-0.297621766715266,7.09));
#1937=CARTESIAN_POINT('',(0.639871382636656,-0.254983922829582,7.09));
#1938=CARTESIAN_POINT('',(0.588424437299036,-0.144372990353698,7.09));
#1939=CARTESIAN_POINT('',(0.574919614147911,-0.0807073954983922,7.09));
#1940=CARTESIAN_POINT('',(0.574919614147911,0.0607717041800645,7.09));
#1941=CARTESIAN_POINT('',(0.587138263665595,0.12443729903537,7.09));
#1942=CARTESIAN_POINT('',(0.610289389067524,0.181672025723473,7.09));
#1943=CARTESIAN_POINT('',(0.633216965574935,0.238354089866795,7.09));
#1944=CARTESIAN_POINT('',(0.668810289389068,0.281993569131833,7.09));
#1945=CARTESIAN_POINT('',(0.715112540192927,0.312218649517685,7.09));
#1946=CARTESIAN_POINT('',(0.762160086255227,0.342930242086131,7.09));
#1947=CARTESIAN_POINT('',(0.814147909967847,0.357877813504823,7.09));
#1948=CARTESIAN_POINT('',(0.914469453376207,0.357877813504823,7.09));
#1949=CARTESIAN_POINT('',(0.951768488745981,0.34887459807074,7.09));
#1950=CARTESIAN_POINT('',(0.984565916398715,0.330868167202572,7.09));
#1951=CARTESIAN_POINT('',(1.01785748550205,0.312590442988977,7.09));
#1952=CARTESIAN_POINT('',(1.04501607717042,0.289710610932476,7.09));
#1953=CARTESIAN_POINT('',(1.06559485530547,0.260771704180064,7.09));
#1954=CARTESIAN_POINT('',(1.06559485530547,0.260771704180064,7.09));
#1955=CARTESIAN_POINT('',(1.06559485530547,0.260771704180064,7.09));
#1956=CARTESIAN_POINT('',(1.06559485530547,0.376527331189711,7.09));
#1957=CARTESIAN_POINT('',(1.06559485530547,0.492282958199357,7.09));
#1958=CARTESIAN_POINT('',(1.06559485530547,0.608038585209003,7.09));
#1959=CARTESIAN_POINT('',(1.06559485530547,0.608038585209003,7.09));
#1960=CARTESIAN_POINT('',(1.06559485530547,0.608038585209003,7.09));
#1961=CARTESIAN_POINT('',(1.10503751339764,0.608038585209003,7.09));
#1962=CARTESIAN_POINT('',(1.14448017148982,0.608038585209003,7.09));
#1963=CARTESIAN_POINT('',(1.18392282958199,0.608038585209003,7.09));
#1964=CARTESIAN_POINT('',(1.18392282958199,0.608038585209003,7.09));
#1965=CARTESIAN_POINT('',(1.18392282958199,0.608038585209003,7.09));
#1966=CARTESIAN_POINT('',(1.18392282958199,0.285637727759914,7.09));
#1967=CARTESIAN_POINT('',(1.18392282958199,-0.0367631296891745,7.09));
#1968=CARTESIAN_POINT('',(1.18392282958199,-0.359163987138264,7.09));
#1969=CARTESIAN_POINT('',(-0.420578778135048,0.314147909967846,7.09));
#1970=CARTESIAN_POINT('',(-0.443086816720257,0.384244372990354,7.09));
#1971=CARTESIAN_POINT('',(-0.475884244372989,0.435691318327974,7.09));
#1972=CARTESIAN_POINT('',(-0.560771704180064,0.5,7.09));
#1973=CARTESIAN_POINT('',(-0.614147909967845,0.516077170418006,7.09));
#1974=CARTESIAN_POINT('',(-0.75305466237942,0.516077170418006,7.09));
#1975=CARTESIAN_POINT('',(-0.814790996784565,0.498070739549839,7.09));
#1976=CARTESIAN_POINT('',(-0.864308681672025,0.462700964630225,7.09));
#1977=CARTESIAN_POINT('',(-0.914556357000086,0.426809767967324,7.09));
#1978=CARTESIAN_POINT('',(-0.949196141479099,0.379099678456592,7.09));
#1979=CARTESIAN_POINT('',(-0.969131832797427,0.318649517684888,7.09));
#1980=CARTESIAN_POINT('',(-0.988939326856078,0.258588084087688,7.09));
#1981=CARTESIAN_POINT('',(-1.,0.197106109324759,7.09));
#1982=CARTESIAN_POINT('',(-1.,0.0511254019292606,7.09));
#1983=CARTESIAN_POINT('',(-0.987781350482315,-0.0209003215434082,7.09));
#1984=CARTESIAN_POINT('',(-0.963987138263665,-0.0819935691318327,7.09));
#1985=CARTESIAN_POINT('',(-0.939890748248897,-0.143862678629212,7.09));
#1986=CARTESIAN_POINT('',(-0.902893890675241,-0.189389067524116,7.09));
#1987=CARTESIAN_POINT('',(-0.85209003215434,-0.219614147909968,7.09));
#1988=CARTESIAN_POINT('',(-0.801003595958827,-0.250007344127552,7.09));
#1989=CARTESIAN_POINT('',(-0.746623794212218,-0.265273311897106,7.09));
#1990=CARTESIAN_POINT('',(-0.616077170418006,-0.265273311897106,7.09));
#1991=CARTESIAN_POINT('',(-0.555627009646302,-0.244694533762058,7.09));
#1992=CARTESIAN_POINT('',(-0.456591639871382,-0.162379421221865,7.09));
#1993=CARTESIAN_POINT('',(-0.422508038585209,-0.10064308681672,7.09));
#1994=CARTESIAN_POINT('',(-0.405144694533761,-0.0189710610932474,7.09));
#1995=CARTESIAN_POINT('',(-0.420578778135048,0.314147909967846,7.09));
#1996=CARTESIAN_POINT('',(-0.405144694533761,-0.0189710610932474,7.09));
#1997=CARTESIAN_POINT('',(-0.405144694533761,-0.0189710610932474,7.09));
#1998=CARTESIAN_POINT('',(-0.362272240085744,-0.0299035369774918,7.09));
#1999=CARTESIAN_POINT('',(-0.319399785637727,-0.0408360128617362,7.09));
#2000=CARTESIAN_POINT('',(-0.27652733118971,-0.0517684887459806,7.09));
#2001=CARTESIAN_POINT('',(-0.27652733118971,-0.0517684887459806,7.09));
#2002=CARTESIAN_POINT('',(-0.27652733118971,-0.0517684887459806,7.09));
#2003=CARTESIAN_POINT('',(-0.303536977491961,-0.156591639871383,7.09));
#2004=CARTESIAN_POINT('',(-0.35176848874598,-0.236977491961415,7.09));
#2005=CARTESIAN_POINT('',(-0.421221864951768,-0.292282958199357,7.09));
#2006=CARTESIAN_POINT('',(-0.490755407698821,-0.347652260757196,7.09));
#2007=CARTESIAN_POINT('',(-0.57620578778135,-0.37459807073955,7.09));
#2008=CARTESIAN_POINT('',(-0.781350482315112,-0.37459807073955,7.09));
#2009=CARTESIAN_POINT('',(-0.866237942122186,-0.353376205787781,7.09));
#2010=CARTESIAN_POINT('',(-0.931832797427652,-0.310932475884244,7.09));
#2011=CARTESIAN_POINT('',(-0.996974354952552,-0.268782056309309,7.09));
#2012=CARTESIAN_POINT('',(-1.04630225080386,-0.207395498392283,7.09));
#2013=CARTESIAN_POINT('',(-1.08038585209003,-0.127009646302251,7.09));
#2014=CARTESIAN_POINT('',(-1.11470057251263,-0.0460787019093405,7.09));
#2015=CARTESIAN_POINT('',(-1.13183279742765,0.0401929260450162,7.09));
#2016=CARTESIAN_POINT('',(-1.13183279742765,0.233118971061093,7.09));
#2017=CARTESIAN_POINT('',(-1.11254019292604,0.321221864951769,7.09));
#2018=CARTESIAN_POINT('',(-1.07395498392283,0.396463022508039,7.09));
#2019=CARTESIAN_POINT('',(-1.03563089293994,0.471194999924678,7.09));
#2020=CARTESIAN_POINT('',(-0.981350482315112,0.528295819935691,7.09));
#2021=CARTESIAN_POINT('',(-0.909967845659163,0.566881028938907,7.09));
#2022=CARTESIAN_POINT('',(-0.838813870172077,0.605342637310305,7.09));
#2023=CARTESIAN_POINT('',(-0.760771704180064,0.62540192926045,7.09));
#2024=CARTESIAN_POINT('',(-0.578778135048231,0.62540192926045,7.09));
#2025=CARTESIAN_POINT('',(-0.497749196141479,0.600964630225081,7.09));
#2026=CARTESIAN_POINT('',(-0.431511254019292,0.551446945337621,7.09));
#2027=CARTESIAN_POINT('',(-0.365685847151585,0.502237660591859,7.09));
#2028=CARTESIAN_POINT('',(-0.319614147909967,0.433118971061093,7.09));
#2029=CARTESIAN_POINT('',(-0.293890675241157,0.343729903536978,7.09));
#2030=CARTESIAN_POINT('',(-0.293890675241157,0.343729903536978,7.09));
#2031=CARTESIAN_POINT('',(-0.293890675241157,0.343729903536978,7.09));
#2032=CARTESIAN_POINT('',(-0.336120042872454,0.333869239013934,7.09));
#2033=CARTESIAN_POINT('',(-0.378349410503751,0.32400857449089,7.09));
#2034=CARTESIAN_POINT('',(-0.420578778135048,0.314147909967846,7.09));
#2035=CARTESIAN_POINT('',(-1.6983922829582,-0.359163987138264,7.09));
#2036=CARTESIAN_POINT('',(-2.30353697749196,-0.359163987138264,7.09));
#2037=CARTESIAN_POINT('',(-1.6983922829582,-0.359163987138264,7.09));
#2038=CARTESIAN_POINT('',(-2.30353697749196,-0.359163987138264,7.09));
#2039=CARTESIAN_POINT('',(-2.30353697749196,-0.359163987138264,7.09));
#2040=CARTESIAN_POINT('',(-2.30353697749196,0.608038585209003,7.09));
#2041=CARTESIAN_POINT('',(-2.30353697749196,0.608038585209003,7.09));
#2042=CARTESIAN_POINT('',(-2.30353697749196,0.608038585209003,7.09));
#2043=CARTESIAN_POINT('',(-2.17491961414791,0.608038585209003,7.09));
#2044=CARTESIAN_POINT('',(-2.17491961414791,0.608038585209003,7.09));
#2045=CARTESIAN_POINT('',(-2.17491961414791,0.608038585209003,7.09));
#2046=CARTESIAN_POINT('',(-2.17491961414791,-0.244694533762058,7.09));
#2047=CARTESIAN_POINT('',(-2.17491961414791,-0.244694533762058,7.09));
#2048=CARTESIAN_POINT('',(-2.17491961414791,-0.244694533762058,7.09));
#2049=CARTESIAN_POINT('',(-1.6983922829582,-0.244694533762058,7.09));
#2050=CARTESIAN_POINT('',(-1.6983922829582,-0.244694533762058,7.09));
#2051=CARTESIAN_POINT('',(-1.6983922829582,-0.244694533762058,7.09));
#2052=CARTESIAN_POINT('',(-1.6983922829582,-0.359163987138264,7.09));
#2053=CARTESIAN_POINT('',(-2.6,2.15,7.09));
#2054=CARTESIAN_POINT('',(-2.35,2.15,7.09));
#2055=CARTESIAN_POINT('',(-1.2411575562701,-0.0691318327974275,7.09));
#2056=CARTESIAN_POINT('',(-1.60836012861736,-0.0691318327974275,7.09));
#2057=CARTESIAN_POINT('',(-1.2411575562701,-0.0691318327974275,7.09));
#2058=CARTESIAN_POINT('',(-1.60836012861736,-0.0691318327974275,7.09));
#2059=CARTESIAN_POINT('',(-1.60836012861736,-0.0691318327974275,7.09));
#2060=CARTESIAN_POINT('',(-1.60836012861736,0.0504823151125402,7.09));
#2061=CARTESIAN_POINT('',(-1.60836012861736,0.0504823151125402,7.09));
#2062=CARTESIAN_POINT('',(-1.60836012861736,0.0504823151125402,7.09));
#2063=CARTESIAN_POINT('',(-1.2411575562701,0.0504823151125402,7.09));
#2064=CARTESIAN_POINT('',(-1.2411575562701,0.0504823151125402,7.09));
#2065=CARTESIAN_POINT('',(-1.2411575562701,0.0504823151125402,7.09));
#2066=CARTESIAN_POINT('',(-1.2411575562701,-0.0691318327974275,7.09));
#2067=CARTESIAN_POINT('',(-0.17749196141479,-0.00803858520900314,7.09));
#2068=CARTESIAN_POINT('',(-0.17749196141479,0.121221864951769,7.09));
#2069=CARTESIAN_POINT('',(-0.141479099678456,0.217684887459807,7.09));
#2070=CARTESIAN_POINT('',(-0.0694533762057871,0.280064308681672,7.09));
#2071=CARTESIAN_POINT('',(-0.00913392437482943,0.332305262499555,7.09));
#2072=CARTESIAN_POINT('',(0.0649517684887468,0.357877813504823,7.09));
#2073=CARTESIAN_POINT('',(0.247588424437299,0.357877813504823,7.09));
#2074=CARTESIAN_POINT('',(0.326688102893891,0.326366559485531,7.09));
#2075=CARTESIAN_POINT('',(0.44887459807074,0.20032154340836,7.09));
#2076=CARTESIAN_POINT('',(0.479742765273313,0.112861736334405,7.09));
#2077=CARTESIAN_POINT('',(0.479742765273313,-0.0884244372990352,7.09));
#2078=CARTESIAN_POINT('',(0.466237942122187,-0.159807073954984,7.09));
#2079=CARTESIAN_POINT('',(0.439228295819937,-0.211254019292604,7.09));
#2080=CARTESIAN_POINT('',(0.411953978804288,-0.263205099322412,7.09));
#2081=CARTESIAN_POINT('',(0.372347266881029,-0.303215434083601,7.09));
#2082=CARTESIAN_POINT('',(0.320900321543408,-0.332154340836013,7.09));
#2083=CARTESIAN_POINT('',(0.269239650023377,-0.36121346856603,7.09));
#2084=CARTESIAN_POINT('',(0.212861736334406,-0.37459807073955,7.09));
#2085=CARTESIAN_POINT('',(0.0533762057877822,-0.37459807073955,7.09));
#2086=CARTESIAN_POINT('',(-0.0263665594855294,-0.343086816720257,7.09));
#2087=CARTESIAN_POINT('',(-0.0868167202572345,-0.280064308681672,7.09));
#2088=CARTESIAN_POINT('',(-0.146945616617029,-0.217376735881037,7.09));
#2089=CARTESIAN_POINT('',(-0.17749196141479,-0.127009646302251,7.09));
#2090=CARTESIAN_POINT('',(-0.17749196141479,-0.00803858520900314,7.09));
#2091=CARTESIAN_POINT('',(-0.17749196141479,-0.00803858520900314,7.09));
#2092=CARTESIAN_POINT('',(1.45144694533762,-0.0376205787781349,7.09));
#2093=CARTESIAN_POINT('',(1.45594855305466,-0.115434083601286,7.09));
#2094=CARTESIAN_POINT('',(1.47781350482315,-0.17459807073955,7.09));
#2095=CARTESIAN_POINT('',(1.51704180064309,-0.215755627009646,7.09));
#2096=CARTESIAN_POINT('',(1.5565762146727,-0.257234356483333,7.09));
#2097=CARTESIAN_POINT('',(1.60578778135048,-0.277491961414791,7.09));
#2098=CARTESIAN_POINT('',(1.70932475884245,-0.277491961414791,7.09));
#2099=CARTESIAN_POINT('',(1.74662379421222,-0.265916398713826,7.09));
#2100=CARTESIAN_POINT('',(1.77749196141479,-0.243408360128617,7.09));
#2101=CARTESIAN_POINT('',(1.80866627365905,-0.22067709078385,7.09));
#2102=CARTESIAN_POINT('',(1.83344051446946,-0.183601286173633,7.09));
#2103=CARTESIAN_POINT('',(1.85144694533762,-0.133440514469453,7.09));
#2104=CARTESIAN_POINT('',(1.45144694533762,-0.0376205787781349,7.09));
#2105=CARTESIAN_POINT('',(1.85144694533762,-0.133440514469453,7.09));
#2106=CARTESIAN_POINT('',(1.85144694533762,-0.133440514469453,7.09));
#2107=CARTESIAN_POINT('',(1.89239013933548,-0.138585209003215,7.09));
#2108=CARTESIAN_POINT('',(1.93333333333333,-0.143729903536977,7.09));
#2109=CARTESIAN_POINT('',(1.97427652733119,-0.148874598070739,7.09));
#2110=CARTESIAN_POINT('',(1.97427652733119,-0.148874598070739,7.09));
#2111=CARTESIAN_POINT('',(1.97427652733119,-0.148874598070739,7.09));
#2112=CARTESIAN_POINT('',(1.95498392282958,-0.220257234726688,7.09));
#2113=CARTESIAN_POINT('',(1.91897106109325,-0.27620578778135,7.09));
#2114=CARTESIAN_POINT('',(1.86623794212219,-0.315434083601286,7.09));
#2115=CARTESIAN_POINT('',(1.81319685567796,-0.354891477175651,7.09));
#2116=CARTESIAN_POINT('',(1.74662379421222,-0.37459807073955,7.09));
#2117=CARTESIAN_POINT('',(1.56205787781351,-0.37459807073955,7.09));
#2118=CARTESIAN_POINT('',(1.48038585209003,-0.343086816720257,7.09));
#2119=CARTESIAN_POINT('',(1.41993569131833,-0.280064308681672,7.09));
#2120=CARTESIAN_POINT('',(1.3597936821254,-0.217363065054996,7.09));
#2121=CARTESIAN_POINT('',(1.32990353697749,-0.128295819935691,7.09));
#2122=CARTESIAN_POINT('',(1.32990353697749,0.103858520900322,7.09));
#2123=CARTESIAN_POINT('',(1.36012861736334,0.195176848874598,7.09));
#2124=CARTESIAN_POINT('',(1.42122186495177,0.260128617363344,7.09));
#2125=CARTESIAN_POINT('',(1.48233417836177,0.325100655830812,7.09));
#2126=CARTESIAN_POINT('',(1.56077170418007,0.357877813504823,7.09));
#2127=CARTESIAN_POINT('',(1.7524115755627,0.357877813504823,7.09));
#2128=CARTESIAN_POINT('',(1.82893890675241,0.326366559485531,7.09));
#2129=CARTESIAN_POINT('',(1.8887459807074,0.262700964630225,7.09));
#2130=CARTESIAN_POINT('',(1.94887397066897,0.198693749509842,7.09));
#2131=CARTESIAN_POINT('',(1.97813504823151,0.109003215434084,7.09));
#2132=CARTESIAN_POINT('',(1.97813504823151,-0.0131832797427651,7.09));
#2133=CARTESIAN_POINT('',(1.97813504823151,-0.0241157556270095,7.09));
#2134=CARTESIAN_POINT('',(1.97749196141479,-0.0376205787781349,7.09));
#2135=CARTESIAN_POINT('',(1.97749196141479,-0.0376205787781349,7.09));
#2136=CARTESIAN_POINT('',(1.97749196141479,-0.0376205787781349,7.09));
#2137=CARTESIAN_POINT('',(1.8021436227224,-0.0376205787781349,7.09));
#2138=CARTESIAN_POINT('',(1.62679528403001,-0.0376205787781349,7.09));
#2139=CARTESIAN_POINT('',(1.45144694533762,-0.0376205787781349,7.09));
#2140=CARTESIAN_POINT('',(0.,0.,0.));
#2141=CARTESIAN_POINT('',(-3.025,3.05,0.));
#2142=CARTESIAN_POINT('',(-3.025,3.05,0.));
#2143=CARTESIAN_POINT('',(-3.025,1.55,0.));
#2144=CARTESIAN_POINT('',(-3.025,1.55,0.));
#2145=CARTESIAN_POINT('',(3.025,1.55,0.));
#2146=CARTESIAN_POINT('',(3.025,1.55,0.));
#2147=CARTESIAN_POINT('',(3.025,3.05,0.));
#2148=CARTESIAN_POINT('',(3.025,3.05,0.));
#2149=CARTESIAN_POINT('',(-3.95,-3.8,0.));
#2150=CARTESIAN_POINT('',(-3.95,-3.6,0.));
#2151=CARTESIAN_POINT('',(-3.95,3.6,0.));
#2152=CARTESIAN_POINT('',(-3.75,3.6,0.));
#2153=CARTESIAN_POINT('',(-3.75,3.8,0.));
#2154=CARTESIAN_POINT('',(-3.95,3.8,0.));
#2155=CARTESIAN_POINT('',(3.75,3.8,0.));
#2156=CARTESIAN_POINT('',(3.75,3.6,0.));
#2157=CARTESIAN_POINT('',(3.95,3.6,0.));
#2158=CARTESIAN_POINT('',(3.95,3.8,0.));
#2159=CARTESIAN_POINT('',(3.95,-3.6,0.));
#2160=CARTESIAN_POINT('',(3.75,-3.6,0.));
#2161=CARTESIAN_POINT('',(3.75,-3.8,0.));
#2162=CARTESIAN_POINT('',(3.95,-3.8,0.));
#2163=CARTESIAN_POINT('',(-3.75,-3.8,0.));
#2164=CARTESIAN_POINT('',(-3.75,-3.6,0.));
#2165=CARTESIAN_POINT('',(-3.025,-1.55,0.));
#2166=CARTESIAN_POINT('',(-3.025,-1.55,0.));
#2167=CARTESIAN_POINT('',(3.025,-1.55,0.));
#2168=CARTESIAN_POINT('',(-3.025,-3.05,0.));
#2169=CARTESIAN_POINT('',(-3.025,-3.05,0.));
#2170=CARTESIAN_POINT('',(3.025,-3.05,0.));
#2171=CARTESIAN_POINT('',(3.025,-3.05,0.));
#2172=CARTESIAN_POINT('',(3.025,-1.55,0.));
#2173=CARTESIAN_POINT('',(3.95,3.8,7.09));
#2174=CARTESIAN_POINT('',(3.95,3.6,7.09));
#2175=CARTESIAN_POINT('',(3.95,3.6,6.99));
#2176=CARTESIAN_POINT('',(3.95,-3.6,6.99));
#2177=CARTESIAN_POINT('',(3.95,-3.6,6.99));
#2178=CARTESIAN_POINT('',(3.95,-3.6,7.09));
#2179=CARTESIAN_POINT('',(3.95,-3.8,7.09));
#2180=CARTESIAN_POINT('',(3.75,-3.8,7.09));
#2181=CARTESIAN_POINT('',(3.75,-3.8,6.99));
#2182=CARTESIAN_POINT('',(-3.75,-3.8,6.99));
#2183=CARTESIAN_POINT('',(-3.75,-3.8,6.99));
#2184=CARTESIAN_POINT('',(-3.75,-3.8,7.09));
#2185=CARTESIAN_POINT('',(-3.95,-3.8,7.09));
#2186=CARTESIAN_POINT('',(-3.95,-3.6,7.09));
#2187=CARTESIAN_POINT('',(-3.95,-3.6,6.99));
#2188=CARTESIAN_POINT('',(-3.95,3.6,6.99));
#2189=CARTESIAN_POINT('',(-3.95,3.6,6.99));
#2190=CARTESIAN_POINT('',(-3.95,3.6,7.09));
#2191=CARTESIAN_POINT('',(-3.95,3.8,7.09));
#2192=CARTESIAN_POINT('',(-3.75,3.8,7.09));
#2193=CARTESIAN_POINT('',(-3.75,3.8,6.99));
#2194=CARTESIAN_POINT('',(3.75,3.8,6.99));
#2195=CARTESIAN_POINT('',(3.75,3.8,6.99));
#2196=CARTESIAN_POINT('',(3.75,3.8,7.09));
#2197=CARTESIAN_POINT('',(-3.025,-1.55,-0.3));
#2198=CARTESIAN_POINT('',(2.50538475772934,-1.55,0.3));
#2199=CARTESIAN_POINT('',(2.50538475772934,-1.55,-0.3));
#2200=CARTESIAN_POINT('',(-3.025,-1.55,-0.3));
#2201=CARTESIAN_POINT('',(-2.50538475772934,-1.55,-0.3));
#2202=CARTESIAN_POINT('',(-2.50538475772934,-1.55,0.3));
#2203=CARTESIAN_POINT('',(3.025,-3.05,-0.3));
#2204=CARTESIAN_POINT('',(3.025,-3.05,-0.3));
#2205=CARTESIAN_POINT('',(2.50538475772934,-3.05,-0.3));
#2206=CARTESIAN_POINT('',(-2.50538475772934,-3.05,-0.3));
#2207=CARTESIAN_POINT('',(2.50538475772934,-3.05,0.3));
#2208=CARTESIAN_POINT('',(-2.50538475772934,-3.05,0.3));
#2209=CARTESIAN_POINT('',(0.,0.,-0.3));
#2210=CARTESIAN_POINT('',(2.50538475772934,-3.05,-0.3));
#2211=CARTESIAN_POINT('',(-2.50538475772934,-1.55,-0.3));
#2212=CARTESIAN_POINT('',(-3.025,1.55,-0.3));
#2213=CARTESIAN_POINT('',(-2.50538475772934,1.55,0.3));
#2214=CARTESIAN_POINT('',(-2.50538475772934,1.55,-0.3));
#2215=CARTESIAN_POINT('',(-3.025,1.55,-0.3));
#2216=CARTESIAN_POINT('',(2.50538475772934,1.55,-0.3));
#2217=CARTESIAN_POINT('',(2.50538475772934,1.55,0.3));
#2218=CARTESIAN_POINT('',(3.025,3.05,-0.3));
#2219=CARTESIAN_POINT('',(3.025,3.05,-0.3));
#2220=CARTESIAN_POINT('',(2.50538475772934,3.05,-0.3));
#2221=CARTESIAN_POINT('',(-2.50538475772934,3.05,-0.3));
#2222=CARTESIAN_POINT('',(-2.50538475772934,3.05,0.3));
#2223=CARTESIAN_POINT('',(2.50538475772934,3.05,0.3));
#2224=CARTESIAN_POINT('',(0.,0.,-0.3));
#2225=CARTESIAN_POINT('',(-2.50538475772934,0.,-0.3));
#2226=CARTESIAN_POINT('',(2.50538475772934,0.,-0.3));
#2227=CARTESIAN_POINT('',(-3.75,-3.6,7.09));
#2228=CARTESIAN_POINT('',(-3.75,-3.6,6.99));
#2229=CARTESIAN_POINT('',(3.75,-3.6,7.09));
#2230=CARTESIAN_POINT('',(3.75,-3.6,6.99));
#2231=CARTESIAN_POINT('',(3.75,3.6,7.09));
#2232=CARTESIAN_POINT('',(3.75,3.6,6.99));
#2233=CARTESIAN_POINT('',(-3.75,3.6,7.09));
#2234=CARTESIAN_POINT('',(-3.75,3.6,6.99));
#2235=CARTESIAN_POINT('',(-2.6,2.15,7.08));
#2236=CARTESIAN_POINT('',(-2.6,2.15,7.08));
#2237=CARTESIAN_POINT('',(-2.35,2.15,7.08));
#2238=CARTESIAN_POINT('',(-2.6,2.15,7.08));
#2239=CARTESIAN_POINT('',(-1.6983922829582,-0.359163987138264,7.08));
#2240=CARTESIAN_POINT('',(-1.6983922829582,-0.359163987138264,7.08));
#2241=CARTESIAN_POINT('',(-1.6983922829582,-0.359163987138264,7.08));
#2242=CARTESIAN_POINT('',(-1.6983922829582,-0.359163987138264,7.08));
#2243=CARTESIAN_POINT('',(-2.30353697749196,-0.359163987138264,7.08));
#2244=CARTESIAN_POINT('',(-2.30353697749196,-0.359163987138264,7.08));
#2245=CARTESIAN_POINT('',(-2.30353697749196,-0.359163987138264,7.08));
#2246=CARTESIAN_POINT('',(-2.30353697749196,-0.359163987138264,7.08));
#2247=CARTESIAN_POINT('',(-2.30353697749196,-0.359163987138264,7.08));
#2248=CARTESIAN_POINT('',(-2.30353697749196,0.608038585209003,7.08));
#2249=CARTESIAN_POINT('',(-2.30353697749196,0.608038585209003,7.08));
#2250=CARTESIAN_POINT('',(-2.30353697749196,0.608038585209003,7.08));
#2251=CARTESIAN_POINT('',(-2.30353697749196,0.608038585209003,7.08));
#2252=CARTESIAN_POINT('',(-2.30353697749196,0.608038585209003,7.08));
#2253=CARTESIAN_POINT('',(-2.17491961414791,0.608038585209003,7.08));
#2254=CARTESIAN_POINT('',(-2.17491961414791,0.608038585209003,7.08));
#2255=CARTESIAN_POINT('',(-2.17491961414791,0.608038585209003,7.08));
#2256=CARTESIAN_POINT('',(-2.17491961414791,0.608038585209003,7.08));
#2257=CARTESIAN_POINT('',(-2.17491961414791,0.608038585209003,7.08));
#2258=CARTESIAN_POINT('',(-2.17491961414791,-0.244694533762058,7.08));
#2259=CARTESIAN_POINT('',(-2.17491961414791,-0.244694533762058,7.08));
#2260=CARTESIAN_POINT('',(-2.17491961414791,-0.244694533762058,7.08));
#2261=CARTESIAN_POINT('',(-2.17491961414791,-0.244694533762058,7.08));
#2262=CARTESIAN_POINT('',(-2.17491961414791,-0.244694533762058,7.08));
#2263=CARTESIAN_POINT('',(-1.6983922829582,-0.244694533762058,7.08));
#2264=CARTESIAN_POINT('',(-1.6983922829582,-0.244694533762058,7.08));
#2265=CARTESIAN_POINT('',(-1.6983922829582,-0.244694533762058,7.08));
#2266=CARTESIAN_POINT('',(-1.6983922829582,-0.244694533762058,7.08));
#2267=CARTESIAN_POINT('',(-1.6983922829582,-0.244694533762058,7.08));
#2268=CARTESIAN_POINT('',(-1.6983922829582,-0.359163987138264,7.08));
#2269=CARTESIAN_POINT('',(-2.00096463022508,-0.359163987138264,7.08));
#2270=CARTESIAN_POINT('',(-1.2411575562701,-0.0691318327974275,7.08));
#2271=CARTESIAN_POINT('',(-1.2411575562701,-0.0691318327974275,7.08));
#2272=CARTESIAN_POINT('',(-1.2411575562701,-0.0691318327974275,7.08));
#2273=CARTESIAN_POINT('',(-1.2411575562701,-0.0691318327974275,7.08));
#2274=CARTESIAN_POINT('',(-1.60836012861736,-0.0691318327974275,7.08));
#2275=CARTESIAN_POINT('',(-1.60836012861736,-0.0691318327974275,7.08));
#2276=CARTESIAN_POINT('',(-1.60836012861736,-0.0691318327974275,7.08));
#2277=CARTESIAN_POINT('',(-1.60836012861736,-0.0691318327974275,7.08));
#2278=CARTESIAN_POINT('',(-1.60836012861736,-0.0691318327974275,7.08));
#2279=CARTESIAN_POINT('',(-1.60836012861736,0.0504823151125402,7.08));
#2280=CARTESIAN_POINT('',(-1.60836012861736,0.0504823151125402,7.08));
#2281=CARTESIAN_POINT('',(-1.60836012861736,0.0504823151125402,7.08));
#2282=CARTESIAN_POINT('',(-1.60836012861736,0.0504823151125402,7.08));
#2283=CARTESIAN_POINT('',(-1.60836012861736,0.0504823151125402,7.08));
#2284=CARTESIAN_POINT('',(-1.2411575562701,0.0504823151125402,7.08));
#2285=CARTESIAN_POINT('',(-1.2411575562701,0.0504823151125402,7.08));
#2286=CARTESIAN_POINT('',(-1.2411575562701,0.0504823151125402,7.08));
#2287=CARTESIAN_POINT('',(-1.2411575562701,0.0504823151125402,7.08));
#2288=CARTESIAN_POINT('',(-1.2411575562701,0.0504823151125402,7.08));
#2289=CARTESIAN_POINT('',(-1.2411575562701,-0.0691318327974275,7.08));
#2290=CARTESIAN_POINT('',(-1.42475884244373,-0.0691318327974275,7.08));
#2291=CARTESIAN_POINT('',(-0.420578778135048,0.314147909967846,7.08));
#2292=CARTESIAN_POINT('',(-0.420578778135048,0.314147909967846,7.09));
#2293=CARTESIAN_POINT('',(-0.451064585321072,0.40908942377575,7.08));
#2294=CARTESIAN_POINT('',(-0.451064585321072,0.40908942377575,7.09));
#2295=CARTESIAN_POINT('',(-0.544931774656329,0.525491108425496,7.08));
#2296=CARTESIAN_POINT('',(-0.544931774656329,0.525491108425496,7.09));
#2297=CARTESIAN_POINT('',(-0.821791543159954,0.523008097243256,7.08));
#2298=CARTESIAN_POINT('',(-0.821791543159954,0.523008097243256,7.09));
#2299=CARTESIAN_POINT('',(-0.986027107605373,0.354240252552267,7.08));
#2300=CARTESIAN_POINT('',(-0.986027107605373,0.354240252552267,7.09));
#2301=CARTESIAN_POINT('',(-1.00905805608881,0.0817226308373036,7.08));
#2302=CARTESIAN_POINT('',(-1.00905805608881,0.0817226308373036,7.09));
#2303=CARTESIAN_POINT('',(-0.970644943490571,-0.141027310692149,7.08));
#2304=CARTESIAN_POINT('',(-0.970644943490571,-0.141027310692149,7.09));
#2305=CARTESIAN_POINT('',(-0.756429520089337,-0.291851705117913,7.08));
#2306=CARTESIAN_POINT('',(-0.756429520089337,-0.291851705117913,7.09));
#2307=CARTESIAN_POINT('',(-0.50846801415842,-0.24635408458066,7.08));
#2308=CARTESIAN_POINT('',(-0.50846801415842,-0.24635408458066,7.09));
#2309=CARTESIAN_POINT('',(-0.425092666272656,-0.112800409642862,7.08));
#2310=CARTESIAN_POINT('',(-0.425092666272656,-0.112800409642862,7.09));
#2311=CARTESIAN_POINT('',(-0.405144694533761,-0.0189710610932474,7.08));
#2312=CARTESIAN_POINT('',(-0.405144694533761,-0.0189710610932474,7.09));
#2313=CARTESIAN_POINT('',(-0.420578778135048,0.314147909967846,7.08));
#2314=CARTESIAN_POINT('',(-0.420578778135048,0.314147909967846,7.08));
#2315=CARTESIAN_POINT('',(-0.420578778135048,0.314147909967846,7.08));
#2316=CARTESIAN_POINT('',(-0.443086816720257,0.384244372990354,7.08));
#2317=CARTESIAN_POINT('',(-0.475884244372989,0.435691318327974,7.08));
#2318=CARTESIAN_POINT('',(-0.560771704180064,0.5,7.08));
#2319=CARTESIAN_POINT('',(-0.614147909967845,0.516077170418006,7.08));
#2320=CARTESIAN_POINT('',(-0.75305466237942,0.516077170418006,7.08));
#2321=CARTESIAN_POINT('',(-0.814790996784565,0.498070739549839,7.08));
#2322=CARTESIAN_POINT('',(-0.864308681672025,0.462700964630225,7.08));
#2323=CARTESIAN_POINT('',(-0.914556357000086,0.426809767967324,7.08));
#2324=CARTESIAN_POINT('',(-0.949196141479099,0.379099678456592,7.08));
#2325=CARTESIAN_POINT('',(-0.969131832797427,0.318649517684888,7.08));
#2326=CARTESIAN_POINT('',(-0.988939326856078,0.258588084087688,7.08));
#2327=CARTESIAN_POINT('',(-1.,0.197106109324759,7.08));
#2328=CARTESIAN_POINT('',(-1.,0.0511254019292606,7.08));
#2329=CARTESIAN_POINT('',(-0.987781350482315,-0.0209003215434082,7.08));
#2330=CARTESIAN_POINT('',(-0.963987138263665,-0.0819935691318327,7.08));
#2331=CARTESIAN_POINT('',(-0.939890748248897,-0.143862678629212,7.08));
#2332=CARTESIAN_POINT('',(-0.902893890675241,-0.189389067524116,7.08));
#2333=CARTESIAN_POINT('',(-0.85209003215434,-0.219614147909968,7.08));
#2334=CARTESIAN_POINT('',(-0.801003595958827,-0.250007344127552,7.08));
#2335=CARTESIAN_POINT('',(-0.746623794212218,-0.265273311897106,7.08));
#2336=CARTESIAN_POINT('',(-0.616077170418006,-0.265273311897106,7.08));
#2337=CARTESIAN_POINT('',(-0.555627009646302,-0.244694533762058,7.08));
#2338=CARTESIAN_POINT('',(-0.456591639871382,-0.162379421221865,7.08));
#2339=CARTESIAN_POINT('',(-0.422508038585209,-0.10064308681672,7.08));
#2340=CARTESIAN_POINT('',(-0.405144694533761,-0.0189710610932474,7.08));
#2341=CARTESIAN_POINT('',(-0.405144694533761,-0.0189710610932474,7.08));
#2342=CARTESIAN_POINT('',(-0.405144694533761,-0.0189710610932474,7.08));
#2343=CARTESIAN_POINT('',(-0.405144694533761,-0.0189710610932474,7.08));
#2344=CARTESIAN_POINT('',(-0.405144694533761,-0.0189710610932474,7.08));
#2345=CARTESIAN_POINT('',(-0.362272240085744,-0.0299035369774918,7.08));
#2346=CARTESIAN_POINT('',(-0.319399785637727,-0.0408360128617362,7.08));
#2347=CARTESIAN_POINT('',(-0.27652733118971,-0.0517684887459806,7.08));
#2348=CARTESIAN_POINT('',(-0.27652733118971,-0.0517684887459806,7.08));
#2349=CARTESIAN_POINT('',(-0.27652733118971,-0.0517684887459806,7.08));
#2350=CARTESIAN_POINT('',(-0.27652733118971,-0.0517684887459806,7.08));
#2351=CARTESIAN_POINT('',(-0.27652733118971,-0.0517684887459806,7.09));
#2352=CARTESIAN_POINT('',(-0.307282892255789,-0.171129356692903,7.08));
#2353=CARTESIAN_POINT('',(-0.307282892255789,-0.171129356692903,7.09));
#2354=CARTESIAN_POINT('',(-0.415817704934297,-0.35241172132814,7.08));
#2355=CARTESIAN_POINT('',(-0.415817704934297,-0.35241172132814,7.09));
#2356=CARTESIAN_POINT('',(-0.803915465130353,-0.400752245548794,7.08));
#2357=CARTESIAN_POINT('',(-0.803915465130353,-0.400752245548794,7.09));
#2358=CARTESIAN_POINT('',(-1.06333755716134,-0.242370872716455,7.08));
#2359=CARTESIAN_POINT('',(-1.06333755716134,-0.242370872716455,7.09));
#2360=CARTESIAN_POINT('',(-1.15626823994844,0.11381333104173,7.08));
#2361=CARTESIAN_POINT('',(-1.15626823994844,0.11381333104173,7.09));
#2362=CARTESIAN_POINT('',(-1.10005943987505,0.433952211571166,7.08));
#2363=CARTESIAN_POINT('',(-1.10005943987505,0.433952211571166,7.09));
#2364=CARTESIAN_POINT('',(-0.822905430985549,0.647477087271194,7.08));
#2365=CARTESIAN_POINT('',(-0.822905430985549,0.647477087271194,7.08999999999999));
#2366=CARTESIAN_POINT('',(-0.460749908559692,0.622632770358934,7.08000000000001));
#2367=CARTESIAN_POINT('',(-0.460749908559692,0.622632770358934,7.09000000000001));
#2368=CARTESIAN_POINT('',(-0.326874891093588,0.458350053624176,7.08));
#2369=CARTESIAN_POINT('',(-0.326874891093588,0.458350053624176,7.09));
#2370=CARTESIAN_POINT('',(-0.293890675241157,0.343729903536978,7.08));
#2371=CARTESIAN_POINT('',(-0.293890675241157,0.343729903536978,7.09));
#2372=CARTESIAN_POINT('',(-0.27652733118971,-0.0517684887459806,7.08));
#2373=CARTESIAN_POINT('',(-0.303536977491961,-0.156591639871383,7.08));
#2374=CARTESIAN_POINT('',(-0.35176848874598,-0.236977491961415,7.08));
#2375=CARTESIAN_POINT('',(-0.421221864951768,-0.292282958199357,7.08));
#2376=CARTESIAN_POINT('',(-0.490755407698821,-0.347652260757196,7.08));
#2377=CARTESIAN_POINT('',(-0.57620578778135,-0.37459807073955,7.08));
#2378=CARTESIAN_POINT('',(-0.781350482315112,-0.37459807073955,7.08));
#2379=CARTESIAN_POINT('',(-0.866237942122186,-0.353376205787781,7.08));
#2380=CARTESIAN_POINT('',(-0.931832797427652,-0.310932475884244,7.08));
#2381=CARTESIAN_POINT('',(-0.996974354952552,-0.268782056309309,7.08));
#2382=CARTESIAN_POINT('',(-1.04630225080386,-0.207395498392283,7.08));
#2383=CARTESIAN_POINT('',(-1.08038585209003,-0.127009646302251,7.08));
#2384=CARTESIAN_POINT('',(-1.11470057251263,-0.0460787019093405,7.08));
#2385=CARTESIAN_POINT('',(-1.13183279742765,0.0401929260450162,7.08));
#2386=CARTESIAN_POINT('',(-1.13183279742765,0.233118971061093,7.08));
#2387=CARTESIAN_POINT('',(-1.11254019292604,0.321221864951769,7.08));
#2388=CARTESIAN_POINT('',(-1.07395498392283,0.396463022508039,7.08));
#2389=CARTESIAN_POINT('',(-1.03563089293994,0.471194999924678,7.08));
#2390=CARTESIAN_POINT('',(-0.981350482315112,0.528295819935691,7.08));
#2391=CARTESIAN_POINT('',(-0.909967845659163,0.566881028938907,7.08));
#2392=CARTESIAN_POINT('',(-0.838813870172077,0.605342637310305,7.08));
#2393=CARTESIAN_POINT('',(-0.760771704180064,0.62540192926045,7.08));
#2394=CARTESIAN_POINT('',(-0.578778135048231,0.62540192926045,7.08));
#2395=CARTESIAN_POINT('',(-0.497749196141479,0.600964630225081,7.08));
#2396=CARTESIAN_POINT('',(-0.431511254019292,0.551446945337621,7.08));
#2397=CARTESIAN_POINT('',(-0.365685847151585,0.502237660591859,7.08));
#2398=CARTESIAN_POINT('',(-0.319614147909967,0.433118971061093,7.08));
#2399=CARTESIAN_POINT('',(-0.293890675241157,0.343729903536978,7.08));
#2400=CARTESIAN_POINT('',(-0.293890675241157,0.343729903536978,7.08));
#2401=CARTESIAN_POINT('',(-0.293890675241157,0.343729903536978,7.08));
#2402=CARTESIAN_POINT('',(-0.293890675241157,0.343729903536978,7.08));
#2403=CARTESIAN_POINT('',(-0.293890675241157,0.343729903536978,7.08));
#2404=CARTESIAN_POINT('',(-0.336120042872454,0.333869239013934,7.08));
#2405=CARTESIAN_POINT('',(-0.378349410503751,0.32400857449089,7.08));
#2406=CARTESIAN_POINT('',(-0.420578778135048,0.314147909967846,7.08));
#2407=CARTESIAN_POINT('',(-0.998817379241861,0.0900172442015536,7.08));
#2408=CARTESIAN_POINT('',(-0.0252925511554321,0.211337556742211,7.08));
#2409=CARTESIAN_POINT('',(-0.0252925511554321,0.211337556742211,7.09));
#2410=CARTESIAN_POINT('',(-0.0701136993653702,0.0453202290511395,7.08));
#2411=CARTESIAN_POINT('',(-0.0701136993653702,0.0453202290511395,7.09));
#2412=CARTESIAN_POINT('',(-0.0362118101679071,-0.182949157120313,7.08));
#2413=CARTESIAN_POINT('',(-0.0362118101679071,-0.182949157120313,7.09));
#2414=CARTESIAN_POINT('',(0.0828386806761319,-0.294082107009037,7.08));
#2415=CARTESIAN_POINT('',(0.0828386806761319,-0.294082107009037,7.09));
#2416=CARTESIAN_POINT('',(0.300762503473535,-0.269657175674825,7.08));
#2417=CARTESIAN_POINT('',(0.300762503473535,-0.269657175674825,7.09));
#2418=CARTESIAN_POINT('',(0.37371933516873,-0.0517672328330417,7.08));
#2419=CARTESIAN_POINT('',(0.37371933516873,-0.0517672328330417,7.09));
#2420=CARTESIAN_POINT('',(0.343514253278108,0.183788034967519,7.08));
#2421=CARTESIAN_POINT('',(0.343514253278108,0.183788034967519,7.09));
#2422=CARTESIAN_POINT('',(0.176781542838174,0.283870341204895,7.08));
#2423=CARTESIAN_POINT('',(0.176781542838174,0.283870341204895,7.09));
#2424=CARTESIAN_POINT('',(-0.0252925511554321,0.211337556742211,7.08));
#2425=CARTESIAN_POINT('',(-0.0252925511554321,0.211337556742211,7.09));
#2426=CARTESIAN_POINT('',(-0.0701136993653702,0.0453202290511395,7.08));
#2427=CARTESIAN_POINT('',(-0.0701136993653702,0.0453202290511395,7.09));
#2428=CARTESIAN_POINT('',(-0.0362118101679071,-0.182949157120313,7.08));
#2429=CARTESIAN_POINT('',(-0.0362118101679071,-0.182949157120313,7.09));
#2430=CARTESIAN_POINT('',(-0.0559485530546616,-0.00868167202572334,7.08));
#2431=CARTESIAN_POINT('',(-0.0559485530546616,-0.0987138263665594,7.08));
#2432=CARTESIAN_POINT('',(-0.036012861736334,-0.166237942122186,7.08));
#2433=CARTESIAN_POINT('',(0.0424437299035379,-0.254983922829582,7.08));
#2434=CARTESIAN_POINT('',(0.0919614147909978,-0.277491961414791,7.08));
#2435=CARTESIAN_POINT('',(0.210289389067525,-0.277491961414791,7.08));
#2436=CARTESIAN_POINT('',(0.259807073954985,-0.254983922829582,7.08));
#2437=CARTESIAN_POINT('',(0.29903536977492,-0.209967845659164,7.08));
#2438=CARTESIAN_POINT('',(0.3379451432996,-0.165317285876743,7.08));
#2439=CARTESIAN_POINT('',(0.358199356913184,-0.0967845659163986,7.08));
#2440=CARTESIAN_POINT('',(0.358199356913184,0.0813504823151126,7.08));
#2441=CARTESIAN_POINT('',(0.338263665594856,0.147588424437299,7.08));
#2442=CARTESIAN_POINT('',(0.2983922829582,0.191961414790997,7.08));
#2443=CARTESIAN_POINT('',(0.258808178151116,0.23601469272146,7.08));
#2444=CARTESIAN_POINT('',(0.210289389067525,0.258842443729904,7.08));
#2445=CARTESIAN_POINT('',(0.0919614147909978,0.258842443729904,7.08));
#2446=CARTESIAN_POINT('',(0.0424437299035379,0.236977491961415,7.08));
#2447=CARTESIAN_POINT('',(0.00321543408360195,0.192604501607717,7.08));
#2448=CARTESIAN_POINT('',(-0.0363319789741996,0.147870542575122,7.08));
#2449=CARTESIAN_POINT('',(-0.0559485530546616,0.0807073954983923,7.08));
#2450=CARTESIAN_POINT('',(-0.0559485530546616,-0.00868167202572334,7.08));
#2451=CARTESIAN_POINT('',(-0.0559485530546616,-0.00868167202572334,7.08));
#2452=CARTESIAN_POINT('',(-0.0559485530546616,-0.00868167202572334,7.09));
#2453=CARTESIAN_POINT('',(-0.0559485530546616,-0.0987138263665594,7.09));
#2454=CARTESIAN_POINT('',(-0.036012861736334,-0.166237942122186,7.09));
#2455=CARTESIAN_POINT('',(0.0424437299035379,-0.254983922829582,7.09));
#2456=CARTESIAN_POINT('',(0.0919614147909978,-0.277491961414791,7.09));
#2457=CARTESIAN_POINT('',(0.210289389067525,-0.277491961414791,7.09));
#2458=CARTESIAN_POINT('',(0.259807073954985,-0.254983922829582,7.09));
#2459=CARTESIAN_POINT('',(0.29903536977492,-0.209967845659164,7.09));
#2460=CARTESIAN_POINT('',(0.3379451432996,-0.165317285876743,7.09));
#2461=CARTESIAN_POINT('',(0.358199356913184,-0.0967845659163986,7.09));
#2462=CARTESIAN_POINT('',(0.358199356913184,0.0813504823151126,7.09));
#2463=CARTESIAN_POINT('',(0.338263665594856,0.147588424437299,7.09));
#2464=CARTESIAN_POINT('',(0.2983922829582,0.191961414790997,7.09));
#2465=CARTESIAN_POINT('',(0.258808178151116,0.23601469272146,7.09));
#2466=CARTESIAN_POINT('',(0.210289389067525,0.258842443729904,7.09));
#2467=CARTESIAN_POINT('',(0.0919614147909978,0.258842443729904,7.09));
#2468=CARTESIAN_POINT('',(0.0424437299035379,0.236977491961415,7.09));
#2469=CARTESIAN_POINT('',(0.00321543408360195,0.192604501607717,7.09));
#2470=CARTESIAN_POINT('',(-0.0363319789741996,0.147870542575122,7.09));
#2471=CARTESIAN_POINT('',(-0.0559485530546616,0.0807073954983923,7.09));
#2472=CARTESIAN_POINT('',(-0.0559485530546616,-0.00868167202572334,7.09));
#2473=CARTESIAN_POINT('',(-0.0559485530546616,-0.00868167202572334,7.09));
#2474=CARTESIAN_POINT('',(-0.103807559959967,-0.377780284890505,7.08));
#2475=CARTESIAN_POINT('',(-0.103807559959967,-0.377780284890505,7.09));
#2476=CARTESIAN_POINT('',(-0.208000079001997,-0.0133960583905937,7.08));
#2477=CARTESIAN_POINT('',(-0.208000079001997,-0.0133960583905937,7.08999999999999));
#2478=CARTESIAN_POINT('',(-0.100072031626506,0.371752409213983,7.08000000000001));
#2479=CARTESIAN_POINT('',(-0.100072031626506,0.371752409213983,7.09000000000001));
#2480=CARTESIAN_POINT('',(0.441467570024668,0.404887621055149,7.08));
#2481=CARTESIAN_POINT('',(0.441467570024668,0.404887621055149,7.09));
#2482=CARTESIAN_POINT('',(0.528132511714128,-0.114284960377921,7.08));
#2483=CARTESIAN_POINT('',(0.528132511714128,-0.114284960377921,7.09));
#2484=CARTESIAN_POINT('',(0.302924424750674,-0.401443128226105,7.08));
#2485=CARTESIAN_POINT('',(0.302924424750674,-0.401443128226105,7.09));
#2486=CARTESIAN_POINT('',(-0.103807559959967,-0.377780284890505,7.08));
#2487=CARTESIAN_POINT('',(-0.103807559959967,-0.377780284890505,7.09));
#2488=CARTESIAN_POINT('',(-0.208000079001997,-0.0133960583905937,7.08));
#2489=CARTESIAN_POINT('',(-0.208000079001997,-0.0133960583905937,7.08999999999999));
#2490=CARTESIAN_POINT('',(-0.100072031626506,0.371752409213983,7.08000000000001));
#2491=CARTESIAN_POINT('',(-0.100072031626506,0.371752409213983,7.09000000000001));
#2492=CARTESIAN_POINT('',(-0.17749196141479,-0.00803858520900314,7.08));
#2493=CARTESIAN_POINT('',(-0.17749196141479,0.121221864951769,7.08));
#2494=CARTESIAN_POINT('',(-0.141479099678456,0.217684887459807,7.08));
#2495=CARTESIAN_POINT('',(-0.0694533762057871,0.280064308681672,7.08));
#2496=CARTESIAN_POINT('',(-0.00913392437482943,0.332305262499555,7.08));
#2497=CARTESIAN_POINT('',(0.0649517684887468,0.357877813504823,7.08));
#2498=CARTESIAN_POINT('',(0.247588424437299,0.357877813504823,7.08));
#2499=CARTESIAN_POINT('',(0.326688102893891,0.326366559485531,7.08));
#2500=CARTESIAN_POINT('',(0.44887459807074,0.20032154340836,7.08));
#2501=CARTESIAN_POINT('',(0.479742765273313,0.112861736334405,7.08));
#2502=CARTESIAN_POINT('',(0.479742765273313,-0.0884244372990352,7.08));
#2503=CARTESIAN_POINT('',(0.466237942122187,-0.159807073954984,7.08));
#2504=CARTESIAN_POINT('',(0.439228295819937,-0.211254019292604,7.08));
#2505=CARTESIAN_POINT('',(0.411953978804288,-0.263205099322412,7.08));
#2506=CARTESIAN_POINT('',(0.372347266881029,-0.303215434083601,7.08));
#2507=CARTESIAN_POINT('',(0.320900321543408,-0.332154340836013,7.08));
#2508=CARTESIAN_POINT('',(0.269239650023377,-0.36121346856603,7.08));
#2509=CARTESIAN_POINT('',(0.212861736334406,-0.37459807073955,7.08));
#2510=CARTESIAN_POINT('',(0.0533762057877822,-0.37459807073955,7.08));
#2511=CARTESIAN_POINT('',(-0.0263665594855294,-0.343086816720257,7.08));
#2512=CARTESIAN_POINT('',(-0.0868167202572345,-0.280064308681672,7.08));
#2513=CARTESIAN_POINT('',(-0.146945616617029,-0.217376735881037,7.08));
#2514=CARTESIAN_POINT('',(-0.17749196141479,-0.127009646302251,7.08));
#2515=CARTESIAN_POINT('',(-0.17749196141479,-0.00803858520900314,7.08));
#2516=CARTESIAN_POINT('',(-0.17749196141479,-0.00803858520900314,7.08));
#2517=CARTESIAN_POINT('',(0.479632342612536,-0.0123403845685018,7.08));
#2518=CARTESIAN_POINT('',(0.,0.,7.09));
#2519=CARTESIAN_POINT('',(1.18392282958199,-0.359163987138264,7.08));
#2520=CARTESIAN_POINT('',(1.18392282958199,-0.359163987138264,7.08));
#2521=CARTESIAN_POINT('',(1.18392282958199,-0.359163987138264,7.08));
#2522=CARTESIAN_POINT('',(1.18392282958199,-0.359163987138264,7.08));
#2523=CARTESIAN_POINT('',(1.14726688102894,-0.359163987138264,7.08));
#2524=CARTESIAN_POINT('',(1.11061093247588,-0.359163987138264,7.08));
#2525=CARTESIAN_POINT('',(1.07395498392283,-0.359163987138264,7.08));
#2526=CARTESIAN_POINT('',(1.07395498392283,-0.359163987138264,7.08));
#2527=CARTESIAN_POINT('',(1.07395498392283,-0.359163987138264,7.08));
#2528=CARTESIAN_POINT('',(1.07395498392283,-0.359163987138264,7.08));
#2529=CARTESIAN_POINT('',(1.07395498392283,-0.359163987138264,7.08));
#2530=CARTESIAN_POINT('',(1.07395498392283,-0.329796355841372,7.08));
#2531=CARTESIAN_POINT('',(1.07395498392283,-0.30042872454448,7.08));
#2532=CARTESIAN_POINT('',(1.07395498392283,-0.271061093247588,7.08));
#2533=CARTESIAN_POINT('',(1.07395498392283,-0.271061093247588,7.08));
#2534=CARTESIAN_POINT('',(1.07395498392283,-0.271061093247588,7.08));
#2535=CARTESIAN_POINT('',(1.07395498392283,-0.271061093247588,7.08));
#2536=CARTESIAN_POINT('',(1.07395498392283,-0.271061093247588,7.09));
#2537=CARTESIAN_POINT('',(1.03873539559753,-0.325676976592624,7.08));
#2538=CARTESIAN_POINT('',(1.03873539559753,-0.325676976592624,7.09));
#2539=CARTESIAN_POINT('',(0.940401122999805,-0.394188980993598,7.08));
#2540=CARTESIAN_POINT('',(0.940401122999805,-0.394188980993598,7.09));
#2541=CARTESIAN_POINT('',(0.648598193235527,-0.339065677666926,7.07999999999999));
#2542=CARTESIAN_POINT('',(0.648598193235527,-0.339065677666926,7.08999999999999));
#2543=CARTESIAN_POINT('',(0.528190804306602,-0.0407161031916381,7.08000000000001));
#2544=CARTESIAN_POINT('',(0.528190804306602,-0.0407161031916381,7.09));
#2545=CARTESIAN_POINT('',(0.665780600587377,0.401820335932522,7.08));
#2546=CARTESIAN_POINT('',(0.665780600587377,0.401820335932522,7.08999999999999));
#2547=CARTESIAN_POINT('',(0.993266017342653,0.362484132565269,7.08));
#2548=CARTESIAN_POINT('',(0.993266017342653,0.362484132565269,7.09));
#2549=CARTESIAN_POINT('',(1.06559485530547,0.260771704180064,7.08));
#2550=CARTESIAN_POINT('',(1.06559485530547,0.260771704180064,7.09));
#2551=CARTESIAN_POINT('',(1.07395498392283,-0.271061093247588,7.08));
#2552=CARTESIAN_POINT('',(1.02958199356913,-0.339871382636656,7.08));
#2553=CARTESIAN_POINT('',(0.963987138263666,-0.37459807073955,7.08));
#2554=CARTESIAN_POINT('',(0.821221864951769,-0.37459807073955,7.08));
#2555=CARTESIAN_POINT('',(0.769774919614149,-0.359163987138264,7.08));
#2556=CARTESIAN_POINT('',(0.72282958199357,-0.328295819935691,7.08));
#2557=CARTESIAN_POINT('',(0.676179459387505,-0.297621766715266,7.08));
#2558=CARTESIAN_POINT('',(0.639871382636656,-0.254983922829582,7.08));
#2559=CARTESIAN_POINT('',(0.588424437299036,-0.144372990353698,7.08));
#2560=CARTESIAN_POINT('',(0.574919614147911,-0.0807073954983922,7.08));
#2561=CARTESIAN_POINT('',(0.574919614147911,0.0607717041800645,7.08));
#2562=CARTESIAN_POINT('',(0.587138263665595,0.12443729903537,7.08));
#2563=CARTESIAN_POINT('',(0.610289389067524,0.181672025723473,7.08));
#2564=CARTESIAN_POINT('',(0.633216965574935,0.238354089866795,7.08));
#2565=CARTESIAN_POINT('',(0.668810289389068,0.281993569131833,7.08));
#2566=CARTESIAN_POINT('',(0.715112540192927,0.312218649517685,7.08));
#2567=CARTESIAN_POINT('',(0.762160086255227,0.342930242086131,7.08));
#2568=CARTESIAN_POINT('',(0.814147909967847,0.357877813504823,7.08));
#2569=CARTESIAN_POINT('',(0.914469453376207,0.357877813504823,7.08));
#2570=CARTESIAN_POINT('',(0.951768488745981,0.34887459807074,7.08));
#2571=CARTESIAN_POINT('',(0.984565916398715,0.330868167202572,7.08));
#2572=CARTESIAN_POINT('',(1.01785748550205,0.312590442988977,7.08));
#2573=CARTESIAN_POINT('',(1.04501607717042,0.289710610932476,7.08));
#2574=CARTESIAN_POINT('',(1.06559485530547,0.260771704180064,7.08));
#2575=CARTESIAN_POINT('',(1.06559485530547,0.260771704180064,7.08));
#2576=CARTESIAN_POINT('',(1.06559485530547,0.260771704180064,7.08));
#2577=CARTESIAN_POINT('',(1.06559485530547,0.260771704180064,7.08));
#2578=CARTESIAN_POINT('',(1.06559485530547,0.260771704180064,7.08));
#2579=CARTESIAN_POINT('',(1.06559485530547,0.376527331189711,7.08));
#2580=CARTESIAN_POINT('',(1.06559485530547,0.492282958199357,7.08));
#2581=CARTESIAN_POINT('',(1.06559485530547,0.608038585209003,7.08));
#2582=CARTESIAN_POINT('',(1.06559485530547,0.608038585209003,7.08));
#2583=CARTESIAN_POINT('',(1.06559485530547,0.608038585209003,7.08));
#2584=CARTESIAN_POINT('',(1.06559485530547,0.608038585209003,7.08));
#2585=CARTESIAN_POINT('',(1.06559485530547,0.608038585209003,7.08));
#2586=CARTESIAN_POINT('',(1.10503751339764,0.608038585209003,7.08));
#2587=CARTESIAN_POINT('',(1.14448017148982,0.608038585209003,7.08));
#2588=CARTESIAN_POINT('',(1.18392282958199,0.608038585209003,7.08));
#2589=CARTESIAN_POINT('',(1.18392282958199,0.608038585209003,7.08));
#2590=CARTESIAN_POINT('',(1.18392282958199,0.608038585209003,7.08));
#2591=CARTESIAN_POINT('',(0.718735435009024,0.217797413998376,7.08));
#2592=CARTESIAN_POINT('',(0.718735435009024,0.217797413998376,7.09));
#2593=CARTESIAN_POINT('',(0.682914648548826,0.000415551395310367,7.08));
#2594=CARTESIAN_POINT('',(0.682914648548826,0.000415551395310367,7.09));
#2595=CARTESIAN_POINT('',(0.737459490516205,-0.280066613902344,7.08));
#2596=CARTESIAN_POINT('',(0.737459490516205,-0.280066613902344,7.09));
#2597=CARTESIAN_POINT('',(1.0697851188581,-0.328952681679936,7.08));
#2598=CARTESIAN_POINT('',(1.0697851188581,-0.328952681679936,7.09));
#2599=CARTESIAN_POINT('',(1.11013350177225,0.14281456783246,7.08));
#2600=CARTESIAN_POINT('',(1.11013350177225,0.14281456783246,7.09));
#2601=CARTESIAN_POINT('',(0.920800535791969,0.282916337811853,7.08));
#2602=CARTESIAN_POINT('',(0.920800535791969,0.282916337811853,7.09));
#2603=CARTESIAN_POINT('',(0.718735435009024,0.217797413998376,7.08));
#2604=CARTESIAN_POINT('',(0.718735435009024,0.217797413998376,7.09));
#2605=CARTESIAN_POINT('',(0.682914648548826,0.000415551395310367,7.08));
#2606=CARTESIAN_POINT('',(0.682914648548826,0.000415551395310367,7.09));
#2607=CARTESIAN_POINT('',(0.737459490516205,-0.280066613902344,7.08));
#2608=CARTESIAN_POINT('',(0.737459490516205,-0.280066613902344,7.09));
#2609=CARTESIAN_POINT('',(0.69710610932476,-0.00932475884244364,7.08));
#2610=CARTESIAN_POINT('',(0.69710610932476,-0.0993569131832796,7.08));
#2611=CARTESIAN_POINT('',(0.715755627009647,-0.166237942122186,7.08));
#2612=CARTESIAN_POINT('',(0.754340836012862,-0.210610932475884,7.08));
#2613=CARTESIAN_POINT('',(0.792967579148481,-0.255031687081847,7.08));
#2614=CARTESIAN_POINT('',(0.837299035369776,-0.277491961414791,7.08));
#2615=CARTESIAN_POINT('',(0.941479099678457,-0.277491961414791,7.08));
#2616=CARTESIAN_POINT('',(0.985852090032155,-0.256270096463023,7.08));
#2617=CARTESIAN_POINT('',(1.05916398713826,-0.171382636655949,7.08));
#2618=CARTESIAN_POINT('',(1.07781350482315,-0.106430868167202,7.08));
#2619=CARTESIAN_POINT('',(1.07781350482315,0.0762057877813506,7.08));
#2620=CARTESIAN_POINT('',(1.05916398713826,0.146945337620579,7.08));
#2621=CARTESIAN_POINT('',(1.02186495176849,0.191961414790997,7.08));
#2622=CARTESIAN_POINT('',(0.984881856920965,0.236596184434559,7.08));
#2623=CARTESIAN_POINT('',(0.938263665594857,0.258842443729904,7.08));
#2624=CARTESIAN_POINT('',(0.830868167202573,0.258842443729904,7.08));
#2625=CARTESIAN_POINT('',(0.786495176848875,0.237620578778135,7.08));
#2626=CARTESIAN_POINT('',(0.750482315112541,0.194533762057878,7.08));
#2627=CARTESIAN_POINT('',(0.714417500395341,0.151384787306942,7.08));
#2628=CARTESIAN_POINT('',(0.69710610932476,0.0832797427652735,7.08));
#2629=CARTESIAN_POINT('',(0.69710610932476,-0.00932475884244364,7.08));
#2630=CARTESIAN_POINT('',(0.69710610932476,-0.00932475884244364,7.08));
#2631=CARTESIAN_POINT('',(0.69710610932476,-0.00932475884244364,7.09));
#2632=CARTESIAN_POINT('',(0.69710610932476,-0.0993569131832796,7.09));
#2633=CARTESIAN_POINT('',(0.715755627009647,-0.166237942122186,7.09));
#2634=CARTESIAN_POINT('',(0.754340836012862,-0.210610932475884,7.09));
#2635=CARTESIAN_POINT('',(0.792967579148481,-0.255031687081847,7.09));
#2636=CARTESIAN_POINT('',(0.837299035369776,-0.277491961414791,7.09));
#2637=CARTESIAN_POINT('',(0.941479099678457,-0.277491961414791,7.09));
#2638=CARTESIAN_POINT('',(0.985852090032155,-0.256270096463023,7.09));
#2639=CARTESIAN_POINT('',(1.05916398713826,-0.171382636655949,7.09));
#2640=CARTESIAN_POINT('',(1.07781350482315,-0.106430868167202,7.09));
#2641=CARTESIAN_POINT('',(1.07781350482315,0.0762057877813506,7.09));
#2642=CARTESIAN_POINT('',(1.05916398713826,0.146945337620579,7.09));
#2643=CARTESIAN_POINT('',(1.02186495176849,0.191961414790997,7.09));
#2644=CARTESIAN_POINT('',(0.984881856920965,0.236596184434559,7.09));
#2645=CARTESIAN_POINT('',(0.938263665594857,0.258842443729904,7.09));
#2646=CARTESIAN_POINT('',(0.830868167202573,0.258842443729904,7.09));
#2647=CARTESIAN_POINT('',(0.786495176848875,0.237620578778135,7.09));
#2648=CARTESIAN_POINT('',(0.750482315112541,0.194533762057878,7.09));
#2649=CARTESIAN_POINT('',(0.714417500395341,0.151384787306942,7.09));
#2650=CARTESIAN_POINT('',(0.69710610932476,0.0832797427652735,7.09));
#2651=CARTESIAN_POINT('',(0.69710610932476,-0.00932475884244364,7.09));
#2652=CARTESIAN_POINT('',(0.69710610932476,-0.00932475884244364,7.09));
#2653=CARTESIAN_POINT('',(1.18392282958199,0.608038585209003,7.08));
#2654=CARTESIAN_POINT('',(1.18392282958199,0.608038585209003,7.08));
#2655=CARTESIAN_POINT('',(1.18392282958199,0.285637727759914,7.08));
#2656=CARTESIAN_POINT('',(1.18392282958199,-0.0367631296891745,7.08));
#2657=CARTESIAN_POINT('',(1.18392282958199,-0.359163987138264,7.08));
#2658=CARTESIAN_POINT('',(0.575203914805849,-0.0266299448993355,7.08));
#2659=CARTESIAN_POINT('',(0.,0.,7.09));
#2660=CARTESIAN_POINT('',(1.45852090032154,0.0594855305466239,7.08));
#2661=CARTESIAN_POINT('',(1.45852090032154,0.0594855305466239,7.09));
#2662=CARTESIAN_POINT('',(1.58992497320472,0.0594855305466239,7.09));
#2663=CARTESIAN_POINT('',(1.72132904608789,0.0594855305466239,7.09));
#2664=CARTESIAN_POINT('',(1.85273311897106,0.0594855305466239,7.09));
#2665=CARTESIAN_POINT('',(1.45852090032154,0.0594855305466239,7.09));
#2666=CARTESIAN_POINT('',(1.85273311897106,0.0594855305466239,7.09));
#2667=CARTESIAN_POINT('',(1.45852090032154,0.0594855305466239,7.08));
#2668=CARTESIAN_POINT('',(1.45852090032154,0.0594855305466239,7.08));
#2669=CARTESIAN_POINT('',(1.45852090032154,0.0594855305466239,7.08));
#2670=CARTESIAN_POINT('',(1.58992497320472,0.0594855305466239,7.08));
#2671=CARTESIAN_POINT('',(1.72132904608789,0.0594855305466239,7.08));
#2672=CARTESIAN_POINT('',(1.85273311897106,0.0594855305466239,7.08));
#2673=CARTESIAN_POINT('',(1.85273311897106,0.0594855305466239,7.08));
#2674=CARTESIAN_POINT('',(1.85273311897106,0.0594855305466239,7.08));
#2675=CARTESIAN_POINT('',(1.45144694533762,-0.0376205787781349,7.08));
#2676=CARTESIAN_POINT('',(1.45144694533762,-0.0376205787781349,7.09));
#2677=CARTESIAN_POINT('',(1.45500570250499,-0.0991362383854495,7.08));
#2678=CARTESIAN_POINT('',(1.45500570250499,-0.0991362383854495,7.09));
#2679=CARTESIAN_POINT('',(1.48013457700935,-0.195701822431946,7.08));
#2680=CARTESIAN_POINT('',(1.48013457700935,-0.195701822431946,7.09));
#2681=CARTESIAN_POINT('',(1.60508898212497,-0.291452916876642,7.08));
#2682=CARTESIAN_POINT('',(1.60508898212497,-0.291452916876642,7.09));
#2683=CARTESIAN_POINT('',(1.7786316066407,-0.268789845742405,7.08));
#2684=CARTESIAN_POINT('',(1.7786316066407,-0.268789845742405,7.09));
#2685=CARTESIAN_POINT('',(1.83092645269695,-0.190604743968466,7.08));
#2686=CARTESIAN_POINT('',(1.83092645269695,-0.190604743968466,7.09));
#2687=CARTESIAN_POINT('',(1.85144694533762,-0.133440514469453,7.08));
#2688=CARTESIAN_POINT('',(1.85144694533762,-0.133440514469453,7.09));
#2689=CARTESIAN_POINT('',(1.45144694533762,-0.0376205787781349,7.08));
#2690=CARTESIAN_POINT('',(1.45144694533762,-0.0376205787781349,7.08));
#2691=CARTESIAN_POINT('',(1.45144694533762,-0.0376205787781349,7.08));
#2692=CARTESIAN_POINT('',(1.45594855305466,-0.115434083601286,7.08));
#2693=CARTESIAN_POINT('',(1.47781350482315,-0.17459807073955,7.08));
#2694=CARTESIAN_POINT('',(1.51704180064309,-0.215755627009646,7.08));
#2695=CARTESIAN_POINT('',(1.5565762146727,-0.257234356483333,7.08));
#2696=CARTESIAN_POINT('',(1.60578778135048,-0.277491961414791,7.08));
#2697=CARTESIAN_POINT('',(1.70932475884245,-0.277491961414791,7.08));
#2698=CARTESIAN_POINT('',(1.74662379421222,-0.265916398713826,7.08));
#2699=CARTESIAN_POINT('',(1.77749196141479,-0.243408360128617,7.08));
#2700=CARTESIAN_POINT('',(1.80866627365905,-0.22067709078385,7.08));
#2701=CARTESIAN_POINT('',(1.83344051446946,-0.183601286173633,7.08));
#2702=CARTESIAN_POINT('',(1.85144694533762,-0.133440514469453,7.08));
#2703=CARTESIAN_POINT('',(1.85144694533762,-0.133440514469453,7.08));
#2704=CARTESIAN_POINT('',(1.85144694533762,-0.133440514469453,7.08));
#2705=CARTESIAN_POINT('',(1.85144694533762,-0.133440514469453,7.08));
#2706=CARTESIAN_POINT('',(1.85144694533762,-0.133440514469453,7.08));
#2707=CARTESIAN_POINT('',(1.89239013933548,-0.138585209003215,7.08));
#2708=CARTESIAN_POINT('',(1.93333333333333,-0.143729903536977,7.08));
#2709=CARTESIAN_POINT('',(1.97427652733119,-0.148874598070739,7.08));
#2710=CARTESIAN_POINT('',(1.97427652733119,-0.148874598070739,7.08));
#2711=CARTESIAN_POINT('',(1.97427652733119,-0.148874598070739,7.08));
#2712=CARTESIAN_POINT('',(1.97427652733119,-0.148874598070739,7.08));
#2713=CARTESIAN_POINT('',(1.97427652733119,-0.148874598070739,7.09));
#2714=CARTESIAN_POINT('',(1.94909575558517,-0.242043453531026,7.08));
#2715=CARTESIAN_POINT('',(1.94909575558517,-0.242043453531026,7.09));
#2716=CARTESIAN_POINT('',(1.84322150748445,-0.376601879112792,7.08));
#2717=CARTESIAN_POINT('',(1.84322150748445,-0.376601879112792,7.09));
#2718=CARTESIAN_POINT('',(1.52654204860098,-0.38676270519616,7.08));
#2719=CARTESIAN_POINT('',(1.52654204860098,-0.38676270519616,7.09));
#2720=CARTESIAN_POINT('',(1.33803088733755,-0.226414328976414,7.08));
#2721=CARTESIAN_POINT('',(1.33803088733755,-0.226414328976414,7.09));
#2722=CARTESIAN_POINT('',(1.31410689138429,0.0956979384716764,7.08));
#2723=CARTESIAN_POINT('',(1.31410689138429,0.0956979384716764,7.09));
#2724=CARTESIAN_POINT('',(1.42838892040053,0.319311759002894,7.08));
#2725=CARTESIAN_POINT('',(1.42838892040053,0.319311759002894,7.09));
#2726=CARTESIAN_POINT('',(1.67250025555128,0.378323633113627,7.08));
#2727=CARTESIAN_POINT('',(1.67250025555128,0.378323633113627,7.09));
#2728=CARTESIAN_POINT('',(1.83857162450146,0.317800497224862,7.08));
#2729=CARTESIAN_POINT('',(1.83857162450146,0.317800497224862,7.09));
#2730=CARTESIAN_POINT('',(1.9271247927119,0.225145918932129,7.08));
#2731=CARTESIAN_POINT('',(1.9271247927119,0.225145918932129,7.09));
#2732=CARTESIAN_POINT('',(1.96387050359805,0.139176659365718,7.08));
#2733=CARTESIAN_POINT('',(1.96387050359805,0.139176659365718,7.09));
#2734=CARTESIAN_POINT('',(1.97688964622207,0.0417026504186957,7.08));
#2735=CARTESIAN_POINT('',(1.97688964622207,0.0417026504186957,7.09));
#2736=CARTESIAN_POINT('',(1.97977134617019,0.0102465010852234,7.08));
#2737=CARTESIAN_POINT('',(1.97977134617019,0.0102465010852234,7.09));
#2738=CARTESIAN_POINT('',(1.97749196141479,-0.0376205787781349,7.08));
#2739=CARTESIAN_POINT('',(1.97749196141479,-0.0376205787781349,7.09));
#2740=CARTESIAN_POINT('',(1.97427652733119,-0.148874598070739,7.08));
#2741=CARTESIAN_POINT('',(1.95498392282958,-0.220257234726688,7.08));
#2742=CARTESIAN_POINT('',(1.91897106109325,-0.27620578778135,7.08));
#2743=CARTESIAN_POINT('',(1.86623794212219,-0.315434083601286,7.08));
#2744=CARTESIAN_POINT('',(1.81319685567796,-0.354891477175651,7.08));
#2745=CARTESIAN_POINT('',(1.74662379421222,-0.37459807073955,7.08));
#2746=CARTESIAN_POINT('',(1.56205787781351,-0.37459807073955,7.08));
#2747=CARTESIAN_POINT('',(1.48038585209003,-0.343086816720257,7.08));
#2748=CARTESIAN_POINT('',(1.41993569131833,-0.280064308681672,7.08));
#2749=CARTESIAN_POINT('',(1.3597936821254,-0.217363065054996,7.08));
#2750=CARTESIAN_POINT('',(1.32990353697749,-0.128295819935691,7.08));
#2751=CARTESIAN_POINT('',(1.32990353697749,0.103858520900322,7.08));
#2752=CARTESIAN_POINT('',(1.36012861736334,0.195176848874598,7.08));
#2753=CARTESIAN_POINT('',(1.42122186495177,0.260128617363344,7.08));
#2754=CARTESIAN_POINT('',(1.48233417836177,0.325100655830812,7.08));
#2755=CARTESIAN_POINT('',(1.56077170418007,0.357877813504823,7.08));
#2756=CARTESIAN_POINT('',(1.7524115755627,0.357877813504823,7.08));
#2757=CARTESIAN_POINT('',(1.82893890675241,0.326366559485531,7.08));
#2758=CARTESIAN_POINT('',(1.8887459807074,0.262700964630225,7.08));
#2759=CARTESIAN_POINT('',(1.94887397066897,0.198693749509842,7.08));
#2760=CARTESIAN_POINT('',(1.97813504823151,0.109003215434084,7.08));
#2761=CARTESIAN_POINT('',(1.97813504823151,-0.0131832797427651,7.08));
#2762=CARTESIAN_POINT('',(1.97813504823151,-0.0241157556270095,7.08));
#2763=CARTESIAN_POINT('',(1.97749196141479,-0.0376205787781349,7.08));
#2764=CARTESIAN_POINT('',(1.97749196141479,-0.0376205787781349,7.08));
#2765=CARTESIAN_POINT('',(1.97749196141479,-0.0376205787781349,7.08));
#2766=CARTESIAN_POINT('',(1.97749196141479,-0.0376205787781349,7.08));
#2767=CARTESIAN_POINT('',(1.97749196141479,-0.0376205787781349,7.08));
#2768=CARTESIAN_POINT('',(1.8021436227224,-0.0376205787781349,7.08));
#2769=CARTESIAN_POINT('',(1.62679528403001,-0.0376205787781349,7.08));
#2770=CARTESIAN_POINT('',(1.45144694533762,-0.0376205787781349,7.08));
#2771=CARTESIAN_POINT('',(1.85273311897106,0.0594855305466239,7.08));
#2772=CARTESIAN_POINT('',(1.85273311897106,0.0594855305466239,7.09));
#2773=CARTESIAN_POINT('',(1.84704704633686,0.124164606760621,7.08));
#2774=CARTESIAN_POINT('',(1.84704704633686,0.124164606760621,7.09));
#2775=CARTESIAN_POINT('',(1.81717099643352,0.214902140087054,7.08));
#2776=CARTESIAN_POINT('',(1.81717099643352,0.214902140087054,7.09));
#2777=CARTESIAN_POINT('',(1.59999645539854,0.305016607230686,7.08));
#2778=CARTESIAN_POINT('',(1.59999645539854,0.305016607230686,7.09));
#2779=CARTESIAN_POINT('',(1.46594940370359,0.177103500762285,7.08));
#2780=CARTESIAN_POINT('',(1.46594940370359,0.177103500762285,7.09));
#2781=CARTESIAN_POINT('',(1.45852090032154,0.0594855305466239,7.08));
#2782=CARTESIAN_POINT('',(1.45852090032154,0.0594855305466239,7.09));
#2783=CARTESIAN_POINT('',(1.85273311897106,0.0594855305466239,7.09));
#2784=CARTESIAN_POINT('',(1.8475884244373,0.118006430868167,7.09));
#2785=CARTESIAN_POINT('',(1.83215434083601,0.162379421221865,7.09));
#2786=CARTESIAN_POINT('',(1.80771704180064,0.191961414790997,7.09));
#2787=CARTESIAN_POINT('',(1.76990787239424,0.237730409335598,7.09));
#2788=CARTESIAN_POINT('',(1.72025723472669,0.260771704180064,7.09));
#2789=CARTESIAN_POINT('',(1.60450160771704,0.260771704180064,7.09));
#2790=CARTESIAN_POINT('',(1.55819935691318,0.242122186495177,7.09));
#2791=CARTESIAN_POINT('',(1.52025723472669,0.206109324758843,7.09));
#2792=CARTESIAN_POINT('',(1.4823323146509,0.170112790449621,7.09));
#2793=CARTESIAN_POINT('',(1.46237942122187,0.120578778135048,7.09));
#2794=CARTESIAN_POINT('',(1.45852090032154,0.0594855305466239,7.09));
#2795=CARTESIAN_POINT('',(1.85273311897106,0.0594855305466239,7.08));
#2796=CARTESIAN_POINT('',(1.8475884244373,0.118006430868167,7.08));
#2797=CARTESIAN_POINT('',(1.83215434083601,0.162379421221865,7.08));
#2798=CARTESIAN_POINT('',(1.80771704180064,0.191961414790997,7.08));
#2799=CARTESIAN_POINT('',(1.76990787239424,0.237730409335598,7.08));
#2800=CARTESIAN_POINT('',(1.72025723472669,0.260771704180064,7.08));
#2801=CARTESIAN_POINT('',(1.60450160771704,0.260771704180064,7.08));
#2802=CARTESIAN_POINT('',(1.55819935691318,0.242122186495177,7.08));
#2803=CARTESIAN_POINT('',(1.52025723472669,0.206109324758843,7.08));
#2804=CARTESIAN_POINT('',(1.4823323146509,0.170112790449621,7.08));
#2805=CARTESIAN_POINT('',(1.46237942122187,0.120578778135048,7.08));
#2806=CARTESIAN_POINT('',(1.45852090032154,0.0594855305466239,7.08));
#2807=CARTESIAN_POINT('',(1.61318701869166,-0.271717222613487,7.08));
#2808=CARTESIAN_POINT('',(0.,0.,7.09));
#2809=CARTESIAN_POINT('',(3.95,-3.7,6.99));
#2810=CARTESIAN_POINT('',(3.75,-3.7,6.99));
#2811=CARTESIAN_POINT('',(-3.75,-3.7,6.99));
#2812=CARTESIAN_POINT('',(-3.75,-3.6,6.99));
#2813=CARTESIAN_POINT('',(-3.85,-3.6,6.99));
#2814=CARTESIAN_POINT('',(3.75,-3.6,6.99));
#2815=CARTESIAN_POINT('',(3.85,-3.6,6.99));
#2816=CARTESIAN_POINT('',(-3.85,-3.8,6.99));
#2817=CARTESIAN_POINT('',(-3.85,3.6,6.99));
#2818=CARTESIAN_POINT('',(3.85,3.8,6.99));
#2819=CARTESIAN_POINT('',(3.85,3.6,6.99));
#2820=CARTESIAN_POINT('',(-3.75,3.6,6.99));
#2821=CARTESIAN_POINT('',(-3.75,3.7,6.99));
#2822=CARTESIAN_POINT('',(3.75,3.6,6.99));
#2823=CARTESIAN_POINT('',(3.75,3.7,6.99));
#2824=CARTESIAN_POINT('',(-3.95,3.7,6.99));
#2825=CARTESIAN_POINT('',(-2.50538475772934,-3.05,0.3));
#2826=CARTESIAN_POINT('',(2.50538475772934,1.55,0.3));
#2827=CARTESIAN_POINT('',(-2.50538475772934,3.05,0.3));
#2828=CARTESIAN_POINT('',(2.50538475772934,-1.55,0.3));
#2829=MECHANICAL_DESIGN_GEOMETRIC_PRESENTATION_REPRESENTATION('',(#1018,
#1019,#1020,#1021,#1022,#1023,#1024,#1025,#1026,#1027,#1028,#1029,#1030,
#1031,#1032,#1033,#1034,#1035,#1036,#1037,#1038,#1039,#1040,#1041,#1042,
#1043,#1044,#1045,#1046,#1047,#1048,#1049,#1050,#1051,#1052,#1053,#1054,
#1055,#1056,#1057,#1058,#1059,#1060,#1061,#1062,#1063,#1064,#1065,#1066,
#1067,#1068,#1069,#1070,#1071,#1072,#1073,#1074,#1075,#1076,#1077,#1078,
#1079,#1080,#1081,#1082,#1083,#1084,#1085),#2830);
#2830=(
GEOMETRIC_REPRESENTATION_CONTEXT(3)
GLOBAL_UNCERTAINTY_ASSIGNED_CONTEXT((#2831))
GLOBAL_UNIT_ASSIGNED_CONTEXT((#2834,#2833,#2832))
REPRESENTATION_CONTEXT('74439387xxx','TOP_LEVEL_ASSEMBLY_PART')
);
#2831=UNCERTAINTY_MEASURE_WITH_UNIT(LENGTH_MEASURE(0.005),#2834,
'DISTANCE_ACCURACY_VALUE','Maximum Tolerance applied to model');
#2832=(
NAMED_UNIT(*)
SI_UNIT($,.STERADIAN.)
SOLID_ANGLE_UNIT()
);
#2833=(
NAMED_UNIT(*)
PLANE_ANGLE_UNIT()
SI_UNIT($,.RADIAN.)
);
#2834=(
LENGTH_UNIT()
NAMED_UNIT(*)
SI_UNIT(.MILLI.,.METRE.)
);
#2835=PRODUCT_DEFINITION_SHAPE('','',#2836);
#2836=PRODUCT_DEFINITION('','',#2838,#2837);
#2837=PRODUCT_DEFINITION_CONTEXT('',#2844,'design');
#2838=PRODUCT_DEFINITION_FORMATION_WITH_SPECIFIED_SOURCE('','',#2840,
 .NOT_KNOWN.);
#2839=PRODUCT_RELATED_PRODUCT_CATEGORY('','',(#2840));
#2840=PRODUCT('74439387xxx','74439387xxx','74439387xxx',(#2842));
#2841=PRODUCT_CATEGORY('','');
#2842=PRODUCT_CONTEXT('',#2844,'mechanical');
#2843=APPLICATION_PROTOCOL_DEFINITION('international standard',
'automotive_design',2010,#2844);
#2844=APPLICATION_CONTEXT(
'core data for automotive mechanical design processes');
ENDSEC;
END-ISO-10303-21;
